product_type_name,asin,total_reviews
Amazon Instant Video,B00I3MPDP4,455
Amazon Instant Video,B00DAHSVYC,444
Amazon Instant Video,B00I3MMN4I,417
Amazon Instant Video,B00APE00H4,384
Amazon Instant Video,B00CDBTQCW,358
Amazon Instant Video,B00I3MNGCG,341
Amazon Instant Video,B00I3MNVBW,322
Amazon Instant Video,B00B8P8O9K,313
Amazon Instant Video,B00I3MMTS8,306
Amazon Instant Video,B00CDBR1P6,288
Amazon Instant Video,B009FZFONO,273
Amazon Instant Video,B006Z48TZS,262
Amazon Instant Video,B004MWZLYC,242
Amazon Instant Video,B005544TRQ,230
Amazon Instant Video,B008QTTGGG,223
Amazon Instant Video,B00F87ZUYG,222
Amazon Instant Video,B00D5OZQUC,217
Amazon Instant Video,B00DTOYIIE,196
Amazon Instant Video,B00DQISQX6,189
Amazon Instant Video,B00I3MMQYK,185
Amazon Instant Video,B008BQ8VOC,185
Amazon Instant Video,B00H7NDSPC,170
Amazon Instant Video,B0099JKR6U,169
Amazon Instant Video,B00C7KXUOE,169
Amazon Instant Video,B008BQG3RE,166
Amazon Instant Video,B00F0XPJH6,163
Amazon Instant Video,B009IJJ5B4,162
Amazon Instant Video,B00C0OLT6S,159
Amazon Instant Video,B007JF83YY,156
Amazon Instant Video,B009SJ3GUK,147
Amazon Instant Video,B008JSO21S,146
Amazon Instant Video,B00CDBQNZU,142
Amazon Instant Video,B00CBNOBYU,133
Amazon Instant Video,B00CBNOD0W,132
Amazon Instant Video,B008EQHT4M,130
Amazon Instant Video,B009OYSFDM,129
Amazon Instant Video,B009JARQ3G,126
Amazon Instant Video,B00BLCHL4Y,123
Amazon Instant Video,B003RRW3BC,119
Amazon Instant Video,B00F3WB7FM,118
Amazon Instant Video,B00CDBTVM2,116
Amazon Instant Video,B00FOILOSU,116
Amazon Instant Video,B00BW75MKI,115
Amazon Instant Video,B00D1N6OQ2,114
Amazon Instant Video,B00EY7LT9Q,114
Amazon Instant Video,B00CDBQ9B8,112
Amazon Instant Video,B00ESNKDHA,111
Amazon Instant Video,B000VU4GW2,110
Amazon Instant Video,B008X0SGDC,108
Amazon Instant Video,B004126A1G,103
Amazon Instant Video,B001EXRQQ8,102
Amazon Instant Video,B00B2G2RG6,101
Amazon Instant Video,B00BLCHYKU,101
Amazon Instant Video,B00DZJIRFI,100
Amazon Instant Video,B000OGTRC2,98
Amazon Instant Video,B00F406S2U,98
Amazon Instant Video,B009AP3HQK,95
Amazon Instant Video,B009O6QKKK,94
Amazon Instant Video,B00F49E8O6,94
Amazon Instant Video,B0040HNZTW,93
Amazon Instant Video,B003V61JUK,89
Amazon Instant Video,B009JZTOG8,87
Amazon Instant Video,B003B63FKW,87
Amazon Instant Video,B009GX6F10,87
Amazon Instant Video,B008JSO786,87
Amazon Instant Video,B00I9AGNQS,87
Amazon Instant Video,B001QDKK3W,84
Amazon Instant Video,B008ZXSUO2,83
Amazon Instant Video,B002NWNTL0,83
Amazon Instant Video,B009IF7092,83
Amazon Instant Video,B009GEDP26,82
Amazon Instant Video,B0079W7X98,82
Amazon Instant Video,B0025Z8G4K,81
Amazon Instant Video,B004GTOKM0,81
Amazon Instant Video,B001F6ZIXC,78
Amazon Instant Video,B000MVN8GK,78
Amazon Instant Video,B00CBNO8MK,77
Amazon Instant Video,B004GEYL9M,77
Amazon Instant Video,B00ETKG8AI,77
Amazon Instant Video,B00D5P0QMY,76
Amazon Instant Video,B00D1NBQ60,76
Amazon Instant Video,B003NRWVMC,75
Amazon Instant Video,B00DBT2QZY,75
Amazon Instant Video,B00FEC4B54,74
Amazon Instant Video,B00APRBBBK,73
Amazon Instant Video,B00F3KFFPM,73
Amazon Instant Video,B0079W7OCY,72
Amazon Instant Video,B00F38ELNG,72
Amazon Instant Video,B009K0OL06,72
Amazon Instant Video,B005C4FD0Q,71
Amazon Instant Video,B00D9JUWDO,71
Amazon Instant Video,B00L86ZKAK,71
Amazon Instant Video,B0012QRPU4,70
Amazon Instant Video,B003NRVE6Q,69
Amazon Instant Video,B004TJRCNG,69
Amazon Instant Video,B00EY8MCOQ,69
Amazon Instant Video,B0055MQUM0,68
Amazon Instant Video,B00IK96YXU,68
Amazon Instant Video,B009CP7SQI,66
Amazon Instant Video,B000MVN8HE,66
Amazon Instant Video,B00DVFR8QA,65
Amazon Instant Video,B00A2KIMH6,65
Amazon Instant Video,B0044BY98K,65
Amazon Instant Video,B00ESNDHQY,64
Amazon Instant Video,B003XU02QG,64
Amazon Instant Video,B000OJFV3S,63
Amazon Instant Video,B004RZMQCE,63
Amazon Instant Video,B007ORTYKO,62
Amazon Instant Video,B00FVS44GC,62
Amazon Instant Video,B00A0G14DQ,60
Amazon Instant Video,B00DNUF7KW,60
Amazon Instant Video,B005GT575S,60
Amazon Instant Video,B00ATLJYL6,60
Amazon Instant Video,B005D63I78,59
Amazon Instant Video,B007UMK3SA,59
Amazon Instant Video,B009K0ZGJQ,58
Amazon Instant Video,B004X2M3N8,58
Amazon Instant Video,B00IKFSSTW,58
Amazon Instant Video,B0091P60PY,58
Amazon Instant Video,B00DYQAT8K,56
Amazon Instant Video,B002KGEORM,56
Amazon Instant Video,B0054U565U,56
Amazon Instant Video,B00I3MN74S,55
Amazon Instant Video,B008947J8U,55
Amazon Instant Video,B00HMCLQMA,55
Amazon Instant Video,B00FZJY336,55
Amazon Instant Video,B0045XR7O0,55
Amazon Instant Video,B00BPDFXDA,54
Amazon Instant Video,B00F55HIRI,54
Amazon Instant Video,B005DJRD80,54
Amazon Instant Video,B006UJVOPA,54
Amazon Instant Video,B0083IJGBU,54
Amazon Instant Video,B009IG59DK,54
Amazon Instant Video,B000UVUMDO,54
Amazon Instant Video,B007QRER4K,53
Amazon Instant Video,B002KGB2EU,53
Amazon Instant Video,B008X0SSDU,53
Amazon Instant Video,B00JIL4HLA,53
Amazon Instant Video,B000VZUWZW,53
Amazon Instant Video,B00FIZIY3M,53
Amazon Instant Video,B000JO9JHW,53
Amazon Instant Video,B003UU1UTC,53
Amazon Instant Video,B00FMO8DXU,52
Amazon Instant Video,B00FJ01MQC,52
Amazon Instant Video,B002QS5OQ4,52
Amazon Instant Video,B00JMJOWXG,51
Amazon Instant Video,B00KBN95IE,51
Amazon Instant Video,B00FDWGMIE,51
Amazon Instant Video,B009KHHELW,50
Amazon Instant Video,B00366JI9O,49
Amazon Instant Video,B004ZISVRW,49
Amazon Instant Video,B008JSOXLW,49
Amazon Instant Video,B00932ADLC,49
Amazon Instant Video,B00IC9X09O,49
Amazon Instant Video,B0064JGWZS,49
Amazon Instant Video,B003NQ1T58,49
Amazon Instant Video,B0088LTU54,48
Amazon Instant Video,B000I9TWV6,48
Amazon Instant Video,B004KPX56C,47
Amazon Instant Video,B00F3W9NQ2,47
Amazon Instant Video,B004X36GNK,47
Amazon Instant Video,B008XFAZRW,46
Amazon Instant Video,B009ZQGL5I,46
Amazon Instant Video,B009AP2G26,46
Amazon Instant Video,B001SE07JG,45
Amazon Instant Video,B000S9FEFY,45
Amazon Instant Video,B00F2CESXG,45
Amazon Instant Video,B00J7UV274,45
Amazon Instant Video,B006FTBWXY,45
Amazon Instant Video,B00F3WOO70,45
Amazon Instant Video,B0087YNHNI,44
Amazon Instant Video,B0036DCJKW,44
Amazon Instant Video,B008LUC32E,44
Amazon Instant Video,B009RURGHO,44
Amazon Instant Video,B00F2C1RPS,44
Amazon Instant Video,B00F3KFI4U,44
Amazon Instant Video,B000UU4IX0,44
Amazon Instant Video,B00B2LCW8O,43
Amazon Instant Video,B00IUX32OU,43
Amazon Instant Video,B005OHSOL6,43
Amazon Instant Video,B001GRVMLM,42
Amazon Instant Video,B003R7R1ZK,42
Amazon Instant Video,B00524HBY2,42
Amazon Instant Video,B00HY7VG9G,42
Amazon Instant Video,B00I2CMJRK,42
Amazon Instant Video,B009F7QE0E,42
Amazon Instant Video,B000MPGI68,42
Amazon Instant Video,B003UPE4WC,42
Amazon Instant Video,B00J5WENJS,42
Amazon Instant Video,B00H8C57GA,42
Amazon Instant Video,B00CO0LI5U,42
Amazon Instant Video,B004JM9BXM,41
Amazon Instant Video,B004VQX4PW,41
Amazon Instant Video,B007G5GMMC,41
Amazon Instant Video,B002962RKE,41
Amazon Instant Video,B002Y0TGOU,41
Amazon Instant Video,B00KPQ7TR6,41
Amazon Instant Video,B0036D8M9E,40
Amazon Instant Video,B009PI7JMU,40
Amazon Instant Video,B000U6I0B0,40
Amazon Instant Video,B003L4S0VI,40
Amazon Instant Video,B00DMY24A0,40
Amazon Instant Video,B00150OTCE,40
Amazon Instant Video,B00ESNKFXM,39
Amazon Instant Video,B003VDX6MW,39
Amazon Instant Video,B00I2GVDVY,39
Amazon Instant Video,B0048ZXXIO,39
Amazon Instant Video,B00B0TNVNS,39
Amazon Instant Video,B004UP3D8M,39
Amazon Instant Video,B00F6PL4G8,39
Amazon Instant Video,B004AUGJS8,39
Amazon Instant Video,B009C46UEK,39
Amazon Instant Video,B0013FJOG2,39
Amazon Instant Video,B00CE10BD4,39
Amazon Instant Video,B009M73DN8,39
Amazon Instant Video,B0098VVOGG,38
Amazon Instant Video,B00F49A3A4,38
Amazon Instant Video,B009F11B7Q,38
Amazon Instant Video,B006YZSC3C,38
Amazon Instant Video,B00A8D18ZA,38
Amazon Instant Video,B00BLCHXWY,38
Amazon Instant Video,B00DKRXM7S,38
Amazon Instant Video,B006RECSBC,38
Amazon Instant Video,B005F2BB3I,38
Amazon Instant Video,B0071E6J30,38
Amazon Instant Video,B00944CJRK,38
Amazon Instant Video,B001EUE6X2,37
Amazon Instant Video,B00AYUCDDS,37
Amazon Instant Video,B0054TK99E,37
Amazon Instant Video,B00A9Q5GR2,37
Amazon Instant Video,B00EE2W1GG,37
Amazon Instant Video,B007PYFAP4,37
Amazon Instant Video,B002N4QCTE,36
Amazon Instant Video,B000ZU1KMW,36
Amazon Instant Video,B00459EZ7Q,36
Amazon Instant Video,B004I90IW4,36
Amazon Instant Video,B006FYDKMA,36
Amazon Instant Video,B00337ZGIS,36
Amazon Instant Video,B004H3N6DO,35
Amazon Instant Video,B00FL7UCB4,35
Amazon Instant Video,B001CB8NQE,35
Amazon Instant Video,B00I3MMLHC,35
Amazon Instant Video,B00CXI81J4,35
Amazon Instant Video,B00GBUQXSG,35
Amazon Instant Video,B00EHNMUJU,35
Amazon Instant Video,B002A493NY,35
Amazon Instant Video,B00LG0DKBO,34
Amazon Instant Video,B004MPCIMC,34
Amazon Instant Video,B0037KH0WQ,34
Amazon Instant Video,B004VJQ7F8,34
Amazon Instant Video,B00HD6RLBK,34
Amazon Instant Video,B00CB6F1QO,34
Amazon Instant Video,B0036D8LPO,34
Amazon Instant Video,B007PKOKZY,34
Amazon Instant Video,B007QYRCX6,34
Amazon Instant Video,B005CZM5DI,33
Amazon Instant Video,B005DPJ6VQ,33
Amazon Instant Video,B000HAB4NK,33
Amazon Instant Video,B0046DLPWY,33
Amazon Instant Video,B00DOS59RE,33
Amazon Instant Video,B0038L1XPO,32
Amazon Instant Video,B000P56MYS,32
Amazon Instant Video,B001MVN03K,32
Amazon Instant Video,B000WT7R6O,32
Amazon Instant Video,B0012H0DBG,32
Amazon Instant Video,B005CRVDR0,32
Amazon Instant Video,B004BGQA8A,32
Amazon Instant Video,B00J5U9SIQ,32
Amazon Instant Video,B000WFB83Q,32
Amazon Instant Video,B004TPTH56,32
Amazon Instant Video,B00AHPCQFK,31
Amazon Instant Video,B00APE1NZW,31
Amazon Instant Video,B00JBNX59U,31
Amazon Instant Video,B0073J5X58,31
Amazon Instant Video,B003OURWUO,31
Amazon Instant Video,B00CDU5MBC,31
Amazon Instant Video,B006Y5BWQG,31
Amazon Instant Video,B00406OXAI,31
Amazon Instant Video,B005KO352G,31
Amazon Instant Video,B00DGC8XEE,31
Amazon Instant Video,B00BFQ1OFI,30
Amazon Instant Video,B00EEXPDTM,30
Amazon Instant Video,B00HNZHPGC,30
Amazon Instant Video,B009L0H5OY,30
Amazon Instant Video,B002JAU1X0,30
Amazon Instant Video,B007PYFAJ0,30
Amazon Instant Video,B00899EO9M,30
Amazon Instant Video,B00IT34WC2,30
Amazon Instant Video,B0086213XW,30
Amazon Instant Video,B00FFV9ZBY,30
Amazon Instant Video,B000JQYE4I,30
Amazon Instant Video,B00BECZ6N4,30
Amazon Instant Video,B008JAGM6Y,30
Amazon Instant Video,B009GEAWOU,30
Amazon Instant Video,B00C0OO294,30
Amazon Instant Video,B0032UQR70,29
Amazon Instant Video,B00FGLYZKO,29
Amazon Instant Video,B003ZVO6JW,29
Amazon Instant Video,B0045XL3I6,29
Amazon Instant Video,B000W4WD40,29
Amazon Instant Video,B00E1BYFP0,29
Amazon Instant Video,B00ESB6GBY,29
Amazon Instant Video,B004BGS3C6,29
Amazon Instant Video,B007N4BTEW,29
Amazon Instant Video,B00FKXQVI2,29
Amazon Instant Video,B00KKGS1KK,29
Amazon Instant Video,B006YP42IG,28
Amazon Instant Video,B00E1BF0KE,28
Amazon Instant Video,B002IVNLKA,28
Amazon Instant Video,B004FEJCKQ,28
Amazon Instant Video,B009IF7Z38,28
Amazon Instant Video,B000UU4IVM,28
Amazon Instant Video,B00HUNNYW6,28
Amazon Instant Video,B003MCOTT6,28
Amazon Instant Video,B00F0O6YEW,28
Amazon Instant Video,B00426035K,28
Amazon Instant Video,B004CTBG1W,28
Amazon Instant Video,B00DN15JWW,28
Amazon Instant Video,B004TJRCU4,28
Amazon Instant Video,B003L4Q0UQ,28
Amazon Instant Video,B004XFVLNI,28
Amazon Instant Video,B00D76BEIQ,28
Amazon Instant Video,B00DKX27OG,27
Amazon Instant Video,B0011NHCYM,27
Amazon Instant Video,B004UUA1YG,27
Amazon Instant Video,B00IJKZY4A,27
Amazon Instant Video,B000ICRKLM,27
Amazon Instant Video,B000IBUIS0,27
Amazon Instant Video,B0095R3J8O,27
Amazon Instant Video,B00CBLGJY2,27
Amazon Instant Video,B000WM9ZU2,27
Amazon Instant Video,B00CDCXZWI,27
Amazon Instant Video,B006I0GSZM,27
Amazon Instant Video,B001DD9QDK,27
Amazon Instant Video,B002TUO2SU,27
Amazon Instant Video,B00D844FUQ,26
Amazon Instant Video,B001N4PPWK,26
Amazon Instant Video,B00FBM25W8,26
Amazon Instant Video,B00B7FZE3U,26
Amazon Instant Video,B005KP7EK4,26
Amazon Instant Video,B003YKC4BG,26
Amazon Instant Video,B00EY7Y8VC,26
Amazon Instant Video,B003N1KND2,26
Amazon Instant Video,B00JBHQ138,26
Amazon Instant Video,B000IK882Y,26
Amazon Instant Video,B00BB8OEA2,26
Amazon Instant Video,B0021Y8RW6,26
Amazon Instant Video,B002TWWOHE,26
Amazon Instant Video,B00CB6N4LS,26
Amazon Instant Video,B00BWJD4MO,26
Amazon Instant Video,B006W59XOQ,25
Amazon Instant Video,B00IR6IB1E,25
Amazon Instant Video,B0095R53M4,25
Amazon Instant Video,B004PFF6EQ,25
Amazon Instant Video,B009KHBGWK,25
Amazon Instant Video,B00H9IO0X4,25
Amazon Instant Video,B00CB6SU5I,25
Amazon Instant Video,B007LVT9SA,25
Amazon Instant Video,B002H0HZQS,25
Amazon Instant Video,B00JH3S0AI,25
Amazon Instant Video,B00D2D7X52,25
Amazon Instant Video,B00DN7LSXU,25
Amazon Instant Video,B006X41N2Q,25
Amazon Instant Video,B001ENSOVO,25
Amazon Instant Video,B008621DSM,24
Amazon Instant Video,B008BF99F8,24
Amazon Instant Video,B008ZXSW2C,24
Amazon Instant Video,B0071MUKEG,24
Amazon Instant Video,B002TNS012,24
Amazon Instant Video,B00HNXZ1EM,24
Amazon Instant Video,B007Y36DVG,24
Amazon Instant Video,B000H4YNM0,24
Amazon Instant Video,B000I9S5BE,24
Amazon Instant Video,B0089A6BLU,24
Amazon Instant Video,B004VRKFB2,24
Amazon Instant Video,B00F0CLHQO,24
Amazon Instant Video,B00HUF9R52,24
Amazon Instant Video,B00978SIJ6,24
Amazon Instant Video,B000OC2T4Y,24
Amazon Instant Video,B0036DCJCU,24
Amazon Instant Video,B005TPRNGA,24
Amazon Instant Video,B00AJGAOM4,24
Amazon Instant Video,B000VU2SW2,23
Amazon Instant Video,B0058BIL3O,23
Amazon Instant Video,B00DGN97VQ,23
Amazon Instant Video,B003KYZI5U,23
Amazon Instant Video,B007427XS4,23
Amazon Instant Video,B00BIFRNPG,23
Amazon Instant Video,B007PYEWZ8,23
Amazon Instant Video,B000IKQX44,23
Amazon Instant Video,B00EY7L4QO,23
Amazon Instant Video,B00ESB6CV8,23
Amazon Instant Video,B007G5H2X0,23
Amazon Instant Video,B002SDOI14,23
Amazon Instant Video,B005JR3TUM,23
Amazon Instant Video,B002EVGVBA,23
Amazon Instant Video,B00EYY6JHG,22
Amazon Instant Video,B000HZEHL6,22
Amazon Instant Video,B0053XHZIO,22
Amazon Instant Video,B00CB6PDSA,22
Amazon Instant Video,B008Y0I0HI,22
Amazon Instant Video,B009QW6A0M,22
Amazon Instant Video,B00899EOIS,22
Amazon Instant Video,B004YVAD6M,22
Amazon Instant Video,B003PDL346,22
Amazon Instant Video,B00CO0LNIM,22
Amazon Instant Video,B0021HAG5E,22
Amazon Instant Video,B000WFFAIA,22
Amazon Instant Video,B005PUXH3W,22
Amazon Instant Video,B007WPLZAK,22
Amazon Instant Video,B001PN63PC,22
Amazon Instant Video,B00IVMTL9K,22
Amazon Instant Video,B001ODQA4C,22
Amazon Instant Video,B009HNDCC4,22
Amazon Instant Video,B00ESND9HQ,21
Amazon Instant Video,B00F2CE91W,21
Amazon Instant Video,B00B6870JE,21
Amazon Instant Video,B008EYQQPM,21
Amazon Instant Video,B0095IDWG2,21
Amazon Instant Video,B007C7UI8S,21
Amazon Instant Video,B00JGMK6VG,21
Amazon Instant Video,B00F0SWPSC,21
Amazon Instant Video,B00I3M1IA8,21
Amazon Instant Video,B005JR4B54,21
Amazon Instant Video,B0089U12GO,21
Amazon Instant Video,B004AZ5QG4,21
Amazon Instant Video,B00BI0OB56,21
Amazon Instant Video,B00FS6COPU,21
Amazon Instant Video,B005M4QA12,21
Amazon Instant Video,B00JH1IDDY,21
Amazon Instant Video,B007JF8G9Q,21
Amazon Instant Video,B004DMOJLW,20
Amazon Instant Video,B00GOQANS8,20
Amazon Instant Video,B00ICGZIKG,20
Amazon Instant Video,B008FWHGYS,20
Amazon Instant Video,B005HFXHIU,20
Amazon Instant Video,B00627V4UU,20
Amazon Instant Video,B003NS0O70,20
Amazon Instant Video,B002QNBRYM,20
Amazon Instant Video,B00ETRANIO,20
Amazon Instant Video,B006TA764S,20
Amazon Instant Video,B000VU6K0I,20
Amazon Instant Video,B005EPFA8I,20
Amazon Instant Video,B001V80OP6,20
Amazon Instant Video,B005JR3Y5W,20
Amazon Instant Video,B00I3MN9JG,20
Amazon Instant Video,B009KOE4ZO,20
Amazon Instant Video,B00BCWNXG8,19
Amazon Instant Video,B00AX4QEAS,19
Amazon Instant Video,B0073CMRKE,19
Amazon Instant Video,B00EM6MGHI,19
Amazon Instant Video,B00IJNKQHM,19
Amazon Instant Video,B005P58OZ8,19
Amazon Instant Video,B00EZJUPWA,19
Amazon Instant Video,B00AVTLUD6,19
Amazon Instant Video,B00IQ3XNLQ,19
Amazon Instant Video,B009PK3BZ2,19
Amazon Instant Video,B009GX69RK,19
Amazon Instant Video,B007CGLRWA,19
Amazon Instant Video,B000IXUOP0,19
Amazon Instant Video,B007YZ29U8,19
Amazon Instant Video,B003A3PWFW,19
Amazon Instant Video,B00FEB06WM,19
Amazon Instant Video,B0041R9PX6,19
Amazon Instant Video,B00574P75M,19
Amazon Instant Video,B00APPB766,19
Amazon Instant Video,B0061IMTYK,19
Amazon Instant Video,B005O718OQ,19
Amazon Instant Video,B00CU71AY6,19
Amazon Instant Video,B005T5N0MQ,19
Amazon Instant Video,B001ALX4I8,19
Amazon Instant Video,B00CO0LNRS,19
Amazon Instant Video,B003YF84MY,19
Amazon Instant Video,B0087YQVY0,19
Amazon Instant Video,B005OPTRW8,18
Amazon Instant Video,B00ENYLR8I,18
Amazon Instant Video,B002BLCNHY,18
Amazon Instant Video,B0089JDMHW,18
Amazon Instant Video,B00DVN14XU,18
Amazon Instant Video,B00IA2FABE,18
Amazon Instant Video,B008ET98Z2,18
Amazon Instant Video,B00HQQOLSS,18
Amazon Instant Video,B009TKQREA,18
Amazon Instant Video,B00GCEVU3E,18
Amazon Instant Video,B00DDKY4OC,18
Amazon Instant Video,B00FDZ8S2O,18
Amazon Instant Video,B00D845AQO,18
Amazon Instant Video,B000W5KBI4,18
Amazon Instant Video,B001JGECT4,18
Amazon Instant Video,B00B8C6JHM,18
Amazon Instant Video,B006SV4QFK,18
Amazon Instant Video,B001V98S2G,18
Amazon Instant Video,B00F34YH5C,18
Amazon Instant Video,B00CQ1UXN0,18
Amazon Instant Video,B00ESB15HY,18
Amazon Instant Video,B00C70XZJE,18
Amazon Instant Video,B00CB6NINM,18
Amazon Instant Video,B00D6BR75Q,18
Amazon Instant Video,B0071UYJFE,18
Amazon Instant Video,B008LRB1O8,17
Amazon Instant Video,B002R9LQN2,17
Amazon Instant Video,B00BMT8TYW,17
Amazon Instant Video,B002L4BQ42,17
Amazon Instant Video,B001V58C4O,17
Amazon Instant Video,B001G8MP9Y,17
Amazon Instant Video,B0037L6BHK,17
Amazon Instant Video,B00A2M9SEK,17
Amazon Instant Video,B003ZHOWFY,17
Amazon Instant Video,B000VU8DCQ,17
Amazon Instant Video,B00FWPDIKW,17
Amazon Instant Video,B007MHB990,17
Amazon Instant Video,B002IAAS2U,17
Amazon Instant Video,B00F6PKYX2,17
Amazon Instant Video,B009I7VS2K,17
Amazon Instant Video,B004MSP04C,17
Amazon Instant Video,B0013Z0PLA,17
Amazon Instant Video,B003EY62H4,17
Amazon Instant Video,B00BN4V2YA,17
Amazon Instant Video,B0090EJZA8,17
Amazon Instant Video,B00GMA9SKK,17
Amazon Instant Video,B009WJXC0U,17
Amazon Instant Video,B00GLYM3QS,17
Amazon Instant Video,B00GCET720,17
Amazon Instant Video,B00G2TAAVM,17
Amazon Instant Video,B007QJD6R2,17
Amazon Instant Video,B00FVS3NFA,17
Amazon Instant Video,B00ADHOMZ4,17
Amazon Instant Video,B003AVGMV2,17
Amazon Instant Video,B004BHISOI,17
Amazon Instant Video,B002KF3U8M,16
Amazon Instant Video,B00751IYQ4,16
Amazon Instant Video,B000W4BJ7C,16
Amazon Instant Video,B0051OWS2I,16
Amazon Instant Video,B00KV8A68W,16
Amazon Instant Video,B00J5TCASC,16
Amazon Instant Video,B00EY7LTJG,16
Amazon Instant Video,B0047G01H0,16
Amazon Instant Video,B006UAWH2S,16
Amazon Instant Video,B00KPZIABG,16
Amazon Instant Video,B00669UD0Q,16
Amazon Instant Video,B000J1B1PI,16
Amazon Instant Video,B001BXQ97I,16
Amazon Instant Video,B00B3CJWTE,16
Amazon Instant Video,B000MVIAUY,16
Amazon Instant Video,B005PK5KP0,16
Amazon Instant Video,B005P58PIO,16
Amazon Instant Video,B0064YPMOU,16
Amazon Instant Video,B00FBMQ68M,16
Amazon Instant Video,B0095R3ES4,16
Amazon Instant Video,B009HNCUYK,16
Amazon Instant Video,B00F3KL23Q,16
Amazon Instant Video,B001TNVEKC,16
Amazon Instant Video,B00KDO42CU,16
Amazon Instant Video,B00DIX3FIK,16
Amazon Instant Video,B0037NCNF2,16
Amazon Instant Video,B00D6PJWO6,16
Amazon Instant Video,B0068ZCCA2,16
Amazon Instant Video,B00HQMWE40,16
Amazon Instant Video,B00D8VS7GC,16
Amazon Instant Video,B00FKFGZZO,16
Amazon Instant Video,B001Y5913C,16
Amazon Instant Video,B001ENOB8Y,15
Amazon Instant Video,B00KF7NNTI,15
Amazon Instant Video,B008S9CU7G,15
Amazon Instant Video,B00F4PKH5E,15
Amazon Instant Video,B0063ONN9C,15
Amazon Instant Video,B0098G756O,15
Amazon Instant Video,B0056RKA1G,15
Amazon Instant Video,B005OHSRWC,15
Amazon Instant Video,B00EAI9R1Q,15
Amazon Instant Video,B002JPC4P8,15
Amazon Instant Video,B00BP4WIUU,15
Amazon Instant Video,B00E8ANEQA,15
Amazon Instant Video,B00HALOZIA,15
Amazon Instant Video,B004HTAGOK,15
Amazon Instant Video,B00C7POSC2,15
Amazon Instant Video,B002AL4A4E,15
Amazon Instant Video,B00GO8KFJS,15
Amazon Instant Video,B00DYZGII6,15
Amazon Instant Video,B00CKJQVSE,15
Amazon Instant Video,B003N1DFUU,15
Amazon Instant Video,B007427K8W,15
Amazon Instant Video,B003QMJJCY,15
Amazon Instant Video,B00DDKXECU,15
Amazon Instant Video,B001JG5PJU,15
Amazon Instant Video,B00751JL2K,15
Amazon Instant Video,B00C3C0QB6,15
Amazon Instant Video,B00FFV9VAO,15
Amazon Instant Video,B005PK4YNO,15
Amazon Instant Video,B00IAKMVHM,15
Amazon Instant Video,B00ESNDG8I,15
Amazon Instant Video,B00B8C72OG,15
Amazon Instant Video,B00I4QRAUU,15
Amazon Instant Video,B006W59O6I,15
Amazon Instant Video,B00AHSFQMM,15
Amazon Instant Video,B007A1DSQ0,15
Amazon Instant Video,B00B2EX4C4,15
Amazon Instant Video,B002Z01XOU,15
Amazon Instant Video,B00GUPFO5U,14
Amazon Instant Video,B007MJSPJA,14
Amazon Instant Video,B0085SOJ1A,14
Amazon Instant Video,B00C2UG118,14
Amazon Instant Video,B008HZEJ5W,14
Amazon Instant Video,B00BAP3J3Y,14
Amazon Instant Video,B004ML1HY6,14
Amazon Instant Video,B006LZSF8M,14
Amazon Instant Video,B004Z4QUB0,14
Amazon Instant Video,B00GNL4IY4,14
Amazon Instant Video,B003925164,14
Amazon Instant Video,B00AYRIFH4,14
Amazon Instant Video,B00EM76GQY,14
Amazon Instant Video,B008XFAE8M,14
Amazon Instant Video,B004F87GI2,14
Amazon Instant Video,B000W5NSNE,14
Amazon Instant Video,B001CH44YI,14
Amazon Instant Video,B003IHWLO0,14
Amazon Instant Video,B00BHLTQ6U,14
Amazon Instant Video,B005749LXQ,14
Amazon Instant Video,B00DIX2KFO,14
Amazon Instant Video,B005GNQ1J0,14
Amazon Instant Video,B000MMX5E4,14
Amazon Instant Video,B004D0733A,14
Amazon Instant Video,B005OV0LJA,14
Amazon Instant Video,B002029Q4C,14
Amazon Instant Video,B00E7NCWY8,14
Amazon Instant Video,B00FMO7TSA,14
Amazon Instant Video,B000IJRK7O,14
Amazon Instant Video,B008LRAS5Q,14
Amazon Instant Video,B006Y5AV68,14
Amazon Instant Video,B00IGDHQEQ,14
Amazon Instant Video,B00BUJ5YHO,14
Amazon Instant Video,B00KYZMSQ0,14
Amazon Instant Video,B004H3H270,14
Amazon Instant Video,B00EZJUDFE,13
Amazon Instant Video,B009SHO0DY,13
Amazon Instant Video,B0071IDK88,13
Amazon Instant Video,B0050WFI2S,13
Amazon Instant Video,B002STKILW,13
Amazon Instant Video,B00627UPDM,13
Amazon Instant Video,B00DCLZMQG,13
Amazon Instant Video,B000J0Q1KO,13
Amazon Instant Video,B00C5O60PS,13
Amazon Instant Video,B00K1WIN7O,13
Amazon Instant Video,B006DUK6SM,13
Amazon Instant Video,B004EKF0QQ,13
Amazon Instant Video,B003MAA5J6,13
Amazon Instant Video,B00IKT36S6,13
Amazon Instant Video,B00DLDM8HG,13
Amazon Instant Video,B00252MNWY,13
Amazon Instant Video,B007H63DRW,13
Amazon Instant Video,B003NJJ3PS,13
Amazon Instant Video,B00LCHENE4,13
Amazon Instant Video,B0086T706Y,13
Amazon Instant Video,B0087BJXM0,13
Amazon Instant Video,B007O2TG6Q,13
Amazon Instant Video,B00BQ92SCW,13
Amazon Instant Video,B005KO31OI,13
Amazon Instant Video,B00ITKS65Y,13
Amazon Instant Video,B002CHLG84,13
Amazon Instant Video,B00E59CJQ0,13
Amazon Instant Video,B005OHSTFM,13
Amazon Instant Video,B006O3Z39U,13
Amazon Instant Video,B004SKLP70,13
Amazon Instant Video,B00AEFVNFC,13
Amazon Instant Video,B00AF6073Y,13
Amazon Instant Video,B007UMJSZE,13
Amazon Instant Video,B00B47LUZ2,13
Amazon Instant Video,B00CHVPEEW,13
Amazon Instant Video,B003VXMFY2,13
Amazon Instant Video,B009PI7EIE,13
Amazon Instant Video,B004BHGDYK,13
Amazon Instant Video,B001EUKHRG,13
Amazon Instant Video,B00FJN9EL4,13
Amazon Instant Video,B00ESB14V6,13
Amazon Instant Video,B005UVNEIE,13
Amazon Instant Video,B00D5P1F8S,13
Amazon Instant Video,B00AO1SNF4,13
Amazon Instant Video,B00H9N22IO,12
Amazon Instant Video,B00B23TA28,12
Amazon Instant Video,B001GQG07O,12
Amazon Instant Video,B001HWT3TE,12
Amazon Instant Video,B00241ASBO,12
Amazon Instant Video,B0026QMYN2,12
Amazon Instant Video,B002KETO0Q,12
Amazon Instant Video,B002KEZ91E,12
Amazon Instant Video,B00GP74EX6,12
Amazon Instant Video,B00J002TKA,12
Amazon Instant Video,B002NUXBLA,12
Amazon Instant Video,B002UJRM64,12
Amazon Instant Video,B002VVCMTS,12
Amazon Instant Video,B007PKOL62,12
Amazon Instant Video,B00IAKL5S8,12
Amazon Instant Video,B00BMFN6ZI,12
Amazon Instant Video,B00D5PCXI4,12
Amazon Instant Video,B009RLX2G2,12
Amazon Instant Video,B003AI9Y7Y,12
Amazon Instant Video,B003B4SH5M,12
Amazon Instant Video,B008EPHB28,12
Amazon Instant Video,B00DKSAIJM,12
Amazon Instant Video,B00BS4MQ0O,12
Amazon Instant Video,B003Q97D48,12
Amazon Instant Video,B00BT4MT8W,12
Amazon Instant Video,B00BX3X4IS,12
Amazon Instant Video,B008FWHMMO,12
Amazon Instant Video,B00DR98H4C,12
Amazon Instant Video,B0046XJEXG,12
Amazon Instant Video,B00IMYS1PC,12
Amazon Instant Video,B009CZ4QMW,12
Amazon Instant Video,B004CTUECE,12
Amazon Instant Video,B004FTMNN4,12
Amazon Instant Video,B00HQBOL60,12
Amazon Instant Video,B004G7CRUY,12
Amazon Instant Video,B00IRKCMHO,12
Amazon Instant Video,B004K0HGIU,12
Amazon Instant Video,B00A2KV89U,12
Amazon Instant Video,B00CBRH2OW,12
Amazon Instant Video,B004WYXHHI,12
Amazon Instant Video,B007Y36M26,12
Amazon Instant Video,B0051QREPW,12
Amazon Instant Video,B006VJ7TC6,12
Amazon Instant Video,B00FOIM524,12
Amazon Instant Video,B007ZF1JW6,12
Amazon Instant Video,B005DD7LR4,12
Amazon Instant Video,B00E2OTIIK,12
Amazon Instant Video,B00CNB2UKW,12
Amazon Instant Video,B005JR3PMY,12
Amazon Instant Video,B00DYPQYZ8,12
Amazon Instant Video,B00627UX7U,12
Amazon Instant Video,B006DUK1K0,12
Amazon Instant Video,B006NU7C48,12
Amazon Instant Video,B00DXI1R44,12
Amazon Instant Video,B008V6Q8G0,12
Amazon Instant Video,B00KOA8UXU,12
Amazon Instant Video,B00KKGRT1W,12
Amazon Instant Video,B007B9Q8K4,12
Amazon Instant Video,B00AQAEF7S,12
Amazon Instant Video,B009K0ZLIM,12
Amazon Instant Video,B00870YQLE,12
Amazon Instant Video,B000ULTV4U,12
Amazon Instant Video,B000W4WSCC,12
Amazon Instant Video,B0015TFUSC,12
Amazon Instant Video,B00BXKH9QE,11
Amazon Instant Video,B006LG7IJ8,11
Amazon Instant Video,B00CY9YE66,11
Amazon Instant Video,B00L33AF7G,11
Amazon Instant Video,B000WHIIO6,11
Amazon Instant Video,B00IOGX55O,11
Amazon Instant Video,B0055XI8BK,11
Amazon Instant Video,B00BWTSZXW,11
Amazon Instant Video,B003TVS5C2,11
Amazon Instant Video,B0080CK0O6,11
Amazon Instant Video,B00BTWG9R6,11
Amazon Instant Video,B006O2WRHM,11
Amazon Instant Video,B00CRWPGQ2,11
Amazon Instant Video,B0081HVXG4,11
Amazon Instant Video,B00F6F2U5M,11
Amazon Instant Video,B00I3MNERI,11
Amazon Instant Video,B007UXTC2M,11
Amazon Instant Video,B00BBL297Y,11
Amazon Instant Video,B00IID0NPI,11
Amazon Instant Video,B00IHC9CIE,11
Amazon Instant Video,B00ALQT6MG,11
Amazon Instant Video,B007RV6X2Y,11
Amazon Instant Video,B0046B2ODA,11
Amazon Instant Video,B002LS7YVM,11
Amazon Instant Video,B008POASKK,11
Amazon Instant Video,B007QRJV0K,11
Amazon Instant Video,B00E3P3JG0,11
Amazon Instant Video,B00BOLQ6CU,11
Amazon Instant Video,B00EZJMKCI,11
Amazon Instant Video,B002KGFK52,11
Amazon Instant Video,B0066SB8UQ,11
Amazon Instant Video,B00BOKLAJU,11
Amazon Instant Video,B00B3A0I6M,11
Amazon Instant Video,B0070TEN7A,11
Amazon Instant Video,B00A9QGKTK,11
Amazon Instant Video,B00C3WI6WM,11
Amazon Instant Video,B00A6LSZFU,11
Amazon Instant Video,B00CZ5P2HY,11
Amazon Instant Video,B00KEOOBUC,11
Amazon Instant Video,B006Y5B2XE,11
Amazon Instant Video,B00IYH8UEY,11
Amazon Instant Video,B00FC3K3UW,11
Amazon Instant Video,B003AIE43I,11
Amazon Instant Video,B0038ZEWY4,11
Amazon Instant Video,B004D1VQU0,11
Amazon Instant Video,B00HSUOZS8,11
Amazon Instant Video,B004D24SZ4,11
Amazon Instant Video,B00332YHLU,11
Amazon Instant Video,B004WZ6KXA,11
Amazon Instant Video,B00B13UW0I,11
Amazon Instant Video,B000UERE3M,11
Amazon Instant Video,B00BMAV33K,11
Amazon Instant Video,B008EM1DAC,11
Amazon Instant Video,B009K72EP8,11
Amazon Instant Video,B00J004EP8,11
Amazon Instant Video,B00I8YKI02,11
Amazon Instant Video,B00DYGTXUU,11
Amazon Instant Video,B005WM5R40,11
Amazon Instant Video,B00JQ306BK,11
Amazon Instant Video,B00DY87WQA,11
Amazon Instant Video,B004WMKKWK,11
Amazon Instant Video,B00APE06UA,11
Amazon Instant Video,B000IBUP6A,11
Amazon Instant Video,B009CH0T9O,11
Amazon Instant Video,B004N8OT0C,11
Amazon Instant Video,B00JRSBG9U,11
Amazon Instant Video,B00H8BPJTQ,11
Amazon Instant Video,B006U3MY7S,11
Amazon Instant Video,B008JSNIQS,11
Amazon Instant Video,B00C35F1G8,10
Amazon Instant Video,B0054IAZYE,10
Amazon Instant Video,B0047YZISE,10
Amazon Instant Video,B00ISC7LQS,10
Amazon Instant Video,B00CDBQP58,10
Amazon Instant Video,B00D3FT5VO,10
Amazon Instant Video,B004263SAM,10
Amazon Instant Video,B0082JW05O,10
Amazon Instant Video,B00EY89MWG,10
Amazon Instant Video,B008620ZTA,10
Amazon Instant Video,B00CW842PM,10
Amazon Instant Video,B00ICGYECE,10
Amazon Instant Video,B003E8ZYGK,10
Amazon Instant Video,B002T33IAA,10
Amazon Instant Video,B00ICGY6R2,10
Amazon Instant Video,B003BOQVF0,10
Amazon Instant Video,B003BF1ZRI,10
Amazon Instant Video,B00CW87CFO,10
Amazon Instant Video,B00CW88HXK,10
Amazon Instant Video,B00BMKNPFY,10
Amazon Instant Video,B008DIY9T4,10
Amazon Instant Video,B0030I61FW,10
Amazon Instant Video,B005VA7M2I,10
Amazon Instant Video,B005XUC8XY,10
Amazon Instant Video,B002UXAEV0,10
Amazon Instant Video,B00LPWPMCS,10
Amazon Instant Video,B00627ULUO,10
Amazon Instant Video,B002S28HUS,10
Amazon Instant Video,B0055EQ30M,10
Amazon Instant Video,B00BLBTEPY,10
Amazon Instant Video,B0063BGBO4,10
Amazon Instant Video,B002QEA7BA,10
Amazon Instant Video,B00BKVI8XO,10
Amazon Instant Video,B0064YPHEK,10
Amazon Instant Video,B00F2PH3F8,10
Amazon Instant Video,B008O2QERY,10
Amazon Instant Video,B00F2PHIGC,10
Amazon Instant Video,B004WOZ1F4,10
Amazon Instant Video,B002IEY0LQ,10
Amazon Instant Video,B006FKSSOY,10
Amazon Instant Video,B002ICFX0U,10
Amazon Instant Video,B00BG69SEQ,10
Amazon Instant Video,B008V90WK0,10
Amazon Instant Video,B006H0602Y,10
Amazon Instant Video,B00L4DXKEU,10
Amazon Instant Video,B001JB3T02,10
Amazon Instant Video,B006OU14BO,10
Amazon Instant Video,B00C18X4HA,10
Amazon Instant Video,B00DSXI5BW,10
Amazon Instant Video,B001V52RZE,10
Amazon Instant Video,B001UPP900,10
Amazon Instant Video,B001SE1FAG,10
Amazon Instant Video,B006VA3X9I,10
Amazon Instant Video,B006VEFUJA,10
Amazon Instant Video,B001QDDILI,10
Amazon Instant Video,B001OHU9VS,10
Amazon Instant Video,B006WC63X8,10
Amazon Instant Video,B00B45ABKO,10
Amazon Instant Video,B001NJO76U,10
Amazon Instant Video,B00JXCZIFI,10
Amazon Instant Video,B00HQRCBP2,10
Amazon Instant Video,B00HPPVNHM,10
Amazon Instant Video,B00B19DDOY,10
Amazon Instant Video,B00HNEBLCC,10
Amazon Instant Video,B00D8VN1PY,10
Amazon Instant Video,B00D69JGRK,10
Amazon Instant Video,B009HNDGLG,10
Amazon Instant Video,B009HX0FM4,10
Amazon Instant Video,B00K7WZVXC,10
Amazon Instant Video,B00AWMR6DA,10
Amazon Instant Video,B000W4Z5ZO,10
Amazon Instant Video,B000VVEDWO,10
Amazon Instant Video,B00AV605D0,10
Amazon Instant Video,B00ASM0RL2,10
Amazon Instant Video,B00DX6Q3VI,10
Amazon Instant Video,B000OFME82,10
Amazon Instant Video,B00D6BR9EU,10
Amazon Instant Video,B00APUQLYO,10
Amazon Instant Video,B000IO3OBK,10
Amazon Instant Video,B000IKP5AM,10
Amazon Instant Video,B007OV0UYY,10
Amazon Instant Video,B000I5PVD8,10
Amazon Instant Video,B000H2DMME,10
Amazon Instant Video,B00J8CFQ2S,10
Amazon Instant Video,B004LK8K66,10
Amazon Instant Video,B00GNEXHXY,10
Amazon Instant Video,B00CFVNL94,10
Amazon Instant Video,B004L3OAAS,10
Amazon Instant Video,B00CBKUWKA,10
Amazon Instant Video,B00GJVBRGU,10
Amazon Instant Video,B007L8N42A,10
Amazon Instant Video,B004KCIO52,10
Amazon Instant Video,B004IY9DQQ,10
Amazon Instant Video,B00G7Z0T8K,10
Amazon Instant Video,B004IJQ792,10
Amazon Instant Video,B004I1I914,10
Amazon Instant Video,B00D2GR3TK,10
Amazon Instant Video,B004CTUP28,10
Amazon Instant Video,B009CPIQQE,10
Amazon Instant Video,B00A3S4XVQ,10
Amazon Instant Video,B00A65FXH4,10
Amazon Instant Video,B00A8D136Y,10
Amazon Instant Video,B004BTR8JW,10
Amazon Instant Video,B007PYEXL6,10
Amazon Instant Video,B004BHEC8O,10
Amazon Instant Video,B00FOILB0G,10
Amazon Instant Video,B00EUFOZ52,9
Amazon Instant Video,B003XLHT1G,9
Amazon Instant Video,B00EUVCCWE,9
Amazon Instant Video,B00IOH83AK,9
Amazon Instant Video,B00EY7YGBO,9
Amazon Instant Video,B003RG3ND0,9
Amazon Instant Video,B009M9GI06,9
Amazon Instant Video,B007AB6Q28,9
Amazon Instant Video,B00B0TNY3K,9
Amazon Instant Video,B00H294Z2Q,9
Amazon Instant Video,B003DNTEBC,9
Amazon Instant Video,B000NHRTAO,9
Amazon Instant Video,B001YDZYE4,9
Amazon Instant Video,B00FEAZPSS,9
Amazon Instant Video,B00AYT159C,9
Amazon Instant Video,B00KWGDBB2,9
Amazon Instant Video,B0062246R8,9
Amazon Instant Video,B00CBRH4YU,9
Amazon Instant Video,B00DU6NVU2,9
Amazon Instant Video,B000WMGZ8M,9
Amazon Instant Video,B002AB1PZQ,9
Amazon Instant Video,B00AOIJRQQ,9
Amazon Instant Video,B001GQHV36,9
Amazon Instant Video,B007HGY0S8,9
Amazon Instant Video,B009HONRO6,9
Amazon Instant Video,B00ECU20HA,9
Amazon Instant Video,B009VB803S,9
Amazon Instant Video,B004QMESVU,9
Amazon Instant Video,B00KDMEHWW,9
Amazon Instant Video,B00KCXHNRS,9
Amazon Instant Video,B000W5R3QC,9
Amazon Instant Video,B001SRN6IW,9
Amazon Instant Video,B001G8U0VY,9
Amazon Instant Video,B0058SH8F4,9
Amazon Instant Video,B008XFBQNO,9
Amazon Instant Video,B009ZQ7M7O,9
Amazon Instant Video,B002BEXZ32,9
Amazon Instant Video,B00B19DSFS,9
Amazon Instant Video,B00A05WQ0C,9
Amazon Instant Video,B000W0H1EG,9
Amazon Instant Video,B008XCZ43A,9
Amazon Instant Video,B00ENYR02A,9
Amazon Instant Video,B005W8IKCU,9
Amazon Instant Video,B007NYO4GM,9
Amazon Instant Video,B00CW8CTWU,9
Amazon Instant Video,B00BMT9EMI,9
Amazon Instant Video,B00B46XTDY,9
Amazon Instant Video,B00F0CLD5E,9
Amazon Instant Video,B000V5Q8JQ,9
Amazon Instant Video,B002BSC29Q,9
Amazon Instant Video,B009KH9XX4,9
Amazon Instant Video,B00JP260B2,9
Amazon Instant Video,B00BN4QKU6,9
Amazon Instant Video,B00HWPYPA2,9
Amazon Instant Video,B00L9MZFOO,9
Amazon Instant Video,B00EE2W7JM,9
Amazon Instant Video,B0088OUTLA,9
Amazon Instant Video,B000U6YXPM,9
Amazon Instant Video,B003CWHG8M,9
Amazon Instant Video,B007943UZ2,9
Amazon Instant Video,B008V6Q69Y,9
Amazon Instant Video,B0086T6RH2,9
Amazon Instant Video,B004AJ36NA,9
Amazon Instant Video,B00HWPZCZE,9
Amazon Instant Video,B001W1Y5RK,9
Amazon Instant Video,B00H8XP4W6,9
Amazon Instant Video,B005MW94QC,9
Amazon Instant Video,B003FGNS9Q,9
Amazon Instant Video,B00AG8VPTG,9
Amazon Instant Video,B004YVA9S4,9
Amazon Instant Video,B00BQKOV30,9
Amazon Instant Video,B00CO0DUYM,9
Amazon Instant Video,B00KZ7XOKQ,9
Amazon Instant Video,B00ETKEFQ2,9
Amazon Instant Video,B004520KTU,9
Amazon Instant Video,B00627UN0C,9
Amazon Instant Video,B003IHN8UG,9
Amazon Instant Video,B007UXSDT0,9
Amazon Instant Video,B003QH7E94,9
Amazon Instant Video,B00FDMV7IY,9
Amazon Instant Video,B003YUGS6S,9
Amazon Instant Video,B000I8FOZA,9
Amazon Instant Video,B003T0M4U2,8
Amazon Instant Video,B003TJKRXY,8
Digital Music,B0007NFL18,272
Digital Music,B000084T18,271
Digital Music,B00006690F,204
Digital Music,B00004T9UF,202
Digital Music,B00005YW4H,190
Digital Music,B0006ZQ9BS,185
Digital Music,B0000AGWFX,181
Digital Music,B00005O54Q,169
Digital Music,B00000163G,166
Digital Music,B00065XJ52,159
Digital Music,B000023VR6,158
Digital Music,B000021YQV,154
Digital Music,B0000025RI,154
Digital Music,B00008H2LB,152
Digital Music,B000002OPL,152
Digital Music,B000002NJS,145
Digital Music,B0000DD7LC,142
Digital Music,B0000TAZS8,141
Digital Music,B00000016W,135
Digital Music,B000002KH3,133
Digital Music,B000N2G3RY,132
Digital Music,B00000HZG9,125
Digital Music,B00008J4P5,125
Digital Music,B0000025F7,124
Digital Music,B00000FCBH,118
Digital Music,B00000J7JO,118
Digital Music,B00018D44U,116
Digital Music,B000001A5X,115
Digital Music,B00004UARR,114
Digital Music,B00004XOWM,112
Digital Music,B004K4AUZW,111
Digital Music,B0000039Q3,111
Digital Music,B00000269M,110
Digital Music,B000002IT2,108
Digital Music,B000001Y15,108
Digital Music,B000002LGQ,108
Digital Music,B0002A2WAO,106
Digital Music,B0000C6E4D,106
Digital Music,B00000253N,105
Digital Music,B000003AEK,102
Digital Music,B00000IAU3,100
Digital Music,B0000039QA,99
Digital Music,B000003TAW,98
Digital Music,B0000029DD,98
Digital Music,B000002KZR,97
Digital Music,B0000025BA,97
Digital Music,B00005AAFJ,97
Digital Music,B00003NHAR,96
Digital Music,B00007FGLS,96
Digital Music,B000002KHB,96
Digital Music,B000089RVR,94
Digital Music,B000067CPX,94
Digital Music,B00006ZCFI,93
Digital Music,B00014TQ7S,92
Digital Music,B0000CD5FR,92
Digital Music,B000BNTM32,92
Digital Music,B0000026WD,92
Digital Music,B0000028RR,91
Digital Music,B0006IGGLS,91
Digital Music,B000EMGAOY,91
Digital Music,B00003002C,91
Digital Music,B00005ICAW,90
Digital Music,B000001A6X,89
Digital Music,B004D1GZ2E,88
Digital Music,B00006I4YD,87
Digital Music,B0009SCVTG,87
Digital Music,B000002LQR,87
Digital Music,B00008OWZE,87
Digital Music,B000002MFN,86
Digital Music,B00097A5H2,86
Digital Music,B000001DZO,86
Digital Music,B00000ADG2,85
Digital Music,B000069HKH,85
Digital Music,B0002S94RK,85
Digital Music,B00005TPKC,84
Digital Music,B00000D9TQ,84
Digital Music,B0002X314C,83
Digital Music,B00006BTC7,83
Digital Music,B0000029AP,82
Digital Music,B000002P5W,81
Digital Music,B00004R7SN,81
Digital Music,B00006RAKP,81
Digital Music,B000002UCL,81
Digital Music,B0000062S6,81
Digital Music,B000002MUW,81
Digital Music,B00065JTAQ,80
Digital Music,B00004Z41Q,80
Digital Music,B000001FZ6,80
Digital Music,B000000OUJ,79
Digital Music,B00000064G,79
Digital Music,B000001A6N,78
Digital Music,B000BGR18W,78
Digital Music,B000FII324,78
Digital Music,B00005QG9J,77
Digital Music,B0009VJWQS,77
Digital Music,B000AL730O,77
Digital Music,B000002J88,77
Digital Music,B000002AV5,76
Digital Music,B000001EW3,76
Digital Music,B00002MZ4W,76
Digital Music,B00005K9KP,76
Digital Music,B00065BYAY,76
Digital Music,B0000AGWEC,76
Digital Music,B0001Z53AQ,75
Digital Music,B00006IU73,75
Digital Music,B000031XCY,75
Digital Music,B0000AQS1A,75
Digital Music,B000002VT6,75
Digital Music,B000002LRX,74
Digital Music,B00009VRDI,74
Digital Music,B00001IVJS,74
Digital Music,B00000DGUG,74
Digital Music,B00002MZ2C,74
Digital Music,B00004YKUI,73
Digital Music,B00006ZCFH,73
Digital Music,B00005M987,73
Digital Music,B0000646TK,73
Digital Music,B00005NZDW,73
Digital Music,B00006L7XQ,72
Digital Music,B00005NKYQ,72
Digital Music,B000NVIXFK,72
Digital Music,B00009V7T2,71
Digital Music,B000035X1M,71
Digital Music,B000006045,71
Digital Music,B000003B6J,71
Digital Music,B000002OVJ,71
Digital Music,B000006O62,71
Digital Music,B000UMQDHC,70
Digital Music,B000089CJI,70
Digital Music,B00006ZCFJ,70
Digital Music,B00064200S,70
Digital Music,B000002J2S,70
Digital Music,B000002IXU,70
Digital Music,B000002L7G,70
Digital Music,B00027JYOE,69
Digital Music,B00000JC6C,69
Digital Music,B000BLI4UG,68
Digital Music,B000197KVW,68
Digital Music,B0002IQHBQ,67
Digital Music,B0000AKOMI,67
Digital Music,B00005QDVS,67
Digital Music,B000H0MKGK,67
Digital Music,B000059MEK,67
Digital Music,B000002H72,67
Digital Music,B000002AP1,66
Digital Music,B000001EGC,66
Digital Music,B000050HS9,66
Digital Music,B000002WR5,66
Digital Music,B00009LI14,66
Digital Music,B00016XMOE,66
Digital Music,B000GY729M,66
Digital Music,B00005R8EL,65
Digital Music,B00005S7UE,65
Digital Music,B0000C0FKA,65
Digital Music,B0000029AS,65
Digital Music,B000001FAO,65
Digital Music,B000002GQE,65
Digital Music,B000002IWQ,65
Digital Music,B000002GVS,64
Digital Music,B004NSULHM,64
Digital Music,B0000DFZZA,64
Digital Music,B000003C3V,64
Digital Music,B0002PD3HU,64
Digital Music,B00003IE26,63
Digital Music,B0000C421G,63
Digital Music,B005QJZ5FA,63
Digital Music,B000002GK1,63
Digital Music,B000002KNO,62
Digital Music,B000002BE9,62
Digital Music,B00096S3PY,62
Digital Music,B0000BWVLM,61
Digital Music,B00005NHJS,61
Digital Music,B000BOH8XW,61
Digital Music,B000AOENCM,60
Digital Music,B000IY04RC,60
Digital Music,B000002VN7,60
Digital Music,B000002GXL,60
Digital Music,B00000272N,60
Digital Music,B00006M183,59
Digital Music,B000EU1KRS,58
Digital Music,B000002IOW,58
Digital Music,B0000013GT,58
Digital Music,B000001EGA,58
Digital Music,B000OYC3J8,57
Digital Music,B0000634ID,57
Digital Music,B000FPYNQW,57
Digital Music,B000002PD8,56
Digital Music,B00008VOQM,56
Digital Music,B00001QGQI,56
Digital Music,B000JVSZIY,56
Digital Music,B000AU1NZQ,56
Digital Music,B00004WIZA,56
Digital Music,B002DSM8UC,56
Digital Music,B000002KBB,56
Digital Music,B000005Z0E,55
Digital Music,B0000CC6QG,55
Digital Music,B000H7JDVI,55
Digital Music,B000E0OEQC,55
Digital Music,B00005ONMT,55
Digital Music,B00005O6IR,55
Digital Music,B0000AGWFA,54
Digital Music,B00000AFF9,54
Digital Music,B00005AKBN,54
Digital Music,B003WTE886,54
Digital Music,B0000029AN,54
Digital Music,B000000TDH,54
Digital Music,B000001EGE,54
Digital Music,B000002G7G,54
Digital Music,B000002LBM,54
Digital Music,B000002JAI,53
Digital Music,B000001F60,53
Digital Music,B00006JO3X,53
Digital Music,B00004S36A,53
Digital Music,B000E97HB2,53
Digital Music,B00064X2QY,53
Digital Music,B00192M9FC,53
Digital Music,B003KUSUG8,53
Digital Music,B0007TX894,52
Digital Music,B000002LFZ,52
Digital Music,B0002U6GFQ,52
Digital Music,B000OQF6N6,52
Digital Music,B000075A20,52
Digital Music,B002GZQYMA,52
Digital Music,B0029LHW4U,52
Digital Music,B0012OVF2U,52
Digital Music,B0009G3BWE,52
Digital Music,B000005Z0G,52
Digital Music,B000002PD7,52
Digital Music,B000001EG2,52
Digital Music,B000001F66,52
Digital Music,B0000024JN,52
Digital Music,B0000025WQ,52
Digital Music,B000002GWZ,51
Digital Music,B0000013GH,51
Digital Music,B000002IRM,51
Digital Music,B00007KK7V,51
Digital Music,B000QUCPUC,51
Digital Music,B00018D5CQ,51
Digital Music,B000003B7W,51
Digital Music,B000002NBY,51
Digital Music,B000BM6AVA,51
Digital Music,B000BTDMDC,51
Digital Music,B000AGTQKY,51
Digital Music,B000FVQYYK,51
Digital Music,B00004X0Q0,51
Digital Music,B000MTPAGI,50
Digital Music,B000AA303Y,50
Digital Music,B000KCHZK6,50
Digital Music,B00000DFRS,50
Digital Music,B000028U0Y,50
Digital Music,B003V5PPZG,50
Digital Music,B0001XANAS,50
Digital Music,B000AY9OGW,50
Digital Music,B000002C2E,50
Digital Music,B000000OMB,49
Digital Music,B0000029B0,49
Digital Music,B00000IFUI,49
Digital Music,B0000AGWGD,49
Digital Music,B00005N9CV,49
Digital Music,B00005Y1XY,49
Digital Music,B00000DHZJ,49
Digital Music,B000EMGAGW,49
Digital Music,B000002NAA,49
Digital Music,B000005DQQ,49
Digital Music,B00027JYPI,49
Digital Music,B00008J2DQ,48
Digital Music,B00000FC5H,48
Digital Music,B00008DCQL,48
Digital Music,B000J103X4,48
Digital Music,B000065625,48
Digital Music,B00002S5DF,48
Digital Music,B00004OCFE,48
Digital Music,B00005QK3W,48
Digital Music,B0000024UX,48
Digital Music,B000002B8A,48
Digital Music,B00000016T,47
Digital Music,B000002KEN,47
Digital Music,B000002KBA,47
Digital Music,B000002ASA,47
Digital Music,B000002GQI,47
Digital Music,B0000029AL,47
Digital Music,B000002GQH,47
Digital Music,B0000024MU,47
Digital Music,B00000JWQH,47
Digital Music,B00006ISBT,47
Digital Music,B000046PZM,47
Digital Music,B00061X95Q,47
Digital Music,B000H30MYY,47
Digital Music,B00000IOSU,47
Digital Music,B002HQWQB6,47
Digital Music,B00004U2G4,47
Digital Music,B0000E1ALR,47
Digital Music,B000003AEH,47
Digital Music,B007CKNX28,46
Digital Music,B000002IHQ,46
Digital Music,B000001EG6,46
Digital Music,B000001DQG,45
Digital Music,B000001EM3,45
Digital Music,B000BJS4P8,45
Digital Music,B000WCDI6O,45
Digital Music,B0009XNUK0,45
Digital Music,B000002OZS,45
Digital Music,B008K9SG9K,45
Digital Music,B00004HYM1,45
Digital Music,B00005T7YV,45
Digital Music,B00004YWGC,44
Digital Music,B0001BXYRO,44
Digital Music,B000066C1W,44
Digital Music,B0000039QD,44
Digital Music,B00000F1CY,44
Digital Music,B00005AKC0,44
Digital Music,B000007SIN,44
Digital Music,B000053GUO,44
Digital Music,B0000025YM,44
Digital Music,B000001EC1,44
Digital Music,B000001DVP,44
Digital Music,B000001F6A,44
Digital Music,B0000013G5,44
Digital Music,B000002KD5,44
Digital Music,B0000009OU,44
Digital Music,B000002KEV,44
Digital Music,B0000029AU,43
Digital Music,B000001FFJ,43
Digital Music,B0015435OI,43
Digital Music,B001FWRZ46,43
Digital Music,B000002LSV,43
Digital Music,B000002NZO,43
Digital Music,B000002X0Z,43
Digital Music,B0002JUWZW,43
Digital Music,B0002TL6QQ,43
Digital Music,B00005AREX,43
Digital Music,B0090OPBTC,43
Digital Music,B00000IPAC,43
Digital Music,B0007P9XJM,42
Digital Music,B000003C3Q,42
Digital Music,B00000JT4T,42
Digital Music,B000002WYW,42
Digital Music,B00004C4QQ,42
Digital Music,B0002S94OS,42
Digital Music,B0002X591A,42
Digital Music,B0000024IE,42
Digital Music,B000002GQK,42
Digital Music,B000002KE5,42
Digital Music,B0000025ED,41
Digital Music,B00000055E,41
Digital Music,B000002GFU,41
Digital Music,B001PB3RU8,41
Digital Music,B00004S35Z,41
Digital Music,B000002LE6,41
Digital Music,B0074MZSPO,41
Digital Music,B0016B6ZKG,41
Digital Music,B000006371,41
Digital Music,B000002TWN,40
Digital Music,B00000DHZO,40
Digital Music,B00005QW3E,40
Digital Music,B00005USBH,40
Digital Music,B00000DQSF,40
Digital Music,B000ASTEE0,40
Digital Music,B00000G3X7,40
Digital Music,B000068TND,40
Digital Music,B00004YSGM,40
Digital Music,B001EYGOEM,40
Digital Music,B00000J2RG,40
Digital Music,B000002U84,40
Digital Music,B00000050T,40
Digital Music,B0000024I7,40
Digital Music,B000002I8D,40
Digital Music,B000002KO1,40
Digital Music,B000002L7Y,40
Digital Music,B000002KEI,39
Digital Music,B0000013GB,39
Digital Music,B000001DUP,39
Digital Music,B000002G1T,39
Digital Music,B00000064F,39
Digital Music,B000002H1C,39
Digital Music,B0000024T5,39
Digital Music,B0000025JT,39
Digital Music,B003AO1SVS,39
Digital Music,B00006C2H3,39
Digital Music,B00008G5DZ,39
Digital Music,B0000AKQGT,39
Digital Music,B00000DCHG,39
Digital Music,B00970FKQ8,39
Digital Music,B000002P5R,39
Digital Music,B000FILWFY,39
Digital Music,B000EGDNCW,39
Digital Music,B008G12ERC,39
Digital Music,B0000665WR,39
Digital Music,B006M4RN3U,38
Digital Music,B000002NIW,38
Digital Music,B0001MDPQ8,38
Digital Music,B000B5QWNI,38
Digital Music,B00001QGPS,38
Digital Music,B000G1ALRU,38
Digital Music,B000EXZ9P4,38
Digital Music,B0019T9FL6,38
Digital Music,B00005R09Z,38
Digital Music,B000005JJ3,38
Digital Music,B00009QGF2,38
Digital Music,B0017OLUUC,38
Digital Music,B007DIQAXI,38
Digital Music,B006LQQ1GE,38
Digital Music,B00009MGQH,38
Digital Music,B0000CD5F1,38
Digital Music,B000002GYW,38
Digital Music,B000002L9B,38
Digital Music,B0000024YL,37
Digital Music,B00005MLVA,37
Digital Music,B000NPE7YC,37
Digital Music,B00000AEFF,37
Digital Music,B00009N1ZV,37
Digital Music,B0009A401G,37
Digital Music,B000IY04RW,37
Digital Music,B000002OME,37
Digital Music,B0000032UK,37
Digital Music,B00005KCHA,37
Digital Music,B0007YMV1K,37
Digital Music,B004XE0P5E,37
Digital Music,B00061U64S,36
Digital Music,B00000K51T,36
Digital Music,B000005IL1,36
Digital Music,B00008GQ9Y,36
Digital Music,B000MRA4WK,36
Digital Music,B000E5N62U,36
Digital Music,B00004YC03,36
Digital Music,B0002ZYEKA,36
Digital Music,B000BFNYZ2,36
Digital Music,B000000ZGO,36
Digital Music,B0000025DT,36
Digital Music,B000001F5Y,36
Digital Music,B000001I0O,36
Digital Music,B0000025LB,36
Digital Music,B000002564,35
Digital Music,B000000WGF,35
Digital Music,B000002K9P,35
Digital Music,B00000261P,35
Digital Music,B0000025ZB,35
Digital Music,B000001AJO,35
Digital Music,B000002JN4,35
Digital Music,B000002MNF,35
Digital Music,B0075MFS9Y,35
Digital Music,B000007T1A,35
Digital Music,B0048LDTKK,35
Digital Music,B000BR3464,35
Digital Music,B000B5IPLK,35
Digital Music,B0002VYPCQ,35
Digital Music,B00005JGI6,35
Digital Music,B0009YA3CC,35
Digital Music,B00092ZMF2,35
Digital Music,B00BB22GQM,35
Digital Music,B000006041,35
Digital Music,B004NTMNB8,34
Digital Music,B001C3KCSY,34
Digital Music,B000003B8F,34
Digital Music,B001725ZB4,34
Digital Music,B000002P64,34
Digital Music,B00004T0PB,34
Digital Music,B000BGR0OM,34
Digital Music,B000AA302A,34
Digital Music,B0002ZI9DS,34
Digital Music,B000001EDN,34
Digital Music,B00000294R,34
Digital Music,B00000064E,34
Digital Music,B000002757,34
Digital Music,B000001FC0,34
Digital Music,B000000YG5,33
Digital Music,B000002KHQ,33
Digital Music,B000002KKD,33
Digital Music,B000002IP1,33
Digital Music,B000002GXX,33
Digital Music,B001VPJZ40,33
Digital Music,B000002VMH,33
Digital Music,B00028HOFY,33
Digital Music,B000002O1Y,33
Digital Music,B0014XCMVM,33
Digital Music,B00000DHSH,33
Digital Music,B000002VC3,33
Digital Music,B00097A5HW,33
Digital Music,B000050488,33
Digital Music,B0000047CX,33
Digital Music,B000066RM4,33
Digital Music,B00005R5V2,33
Digital Music,B00005J4HH,33
Digital Music,B0001AP0OU,33
Digital Music,B000UCEJEQ,33
Digital Music,B008RYN44U,33
Digital Music,B0002WZT20,33
Digital Music,B000002P22,33
Digital Music,B00005O6DS,33
Digital Music,B0000CC4VD,32
Digital Music,B000002UBL,32
Digital Music,B00000DQSE,32
Digital Music,B00F1CRRIU,32
Digital Music,B00005U2LE,32
Digital Music,B00000DGV2,32
Digital Music,B00004TTGF,32
Digital Music,B00004TL26,32
Digital Music,B00005PJFV,32
Digital Music,B001QITO1Q,32
Digital Music,B0049OSQ0Y,32
Digital Music,B0026NWBY2,32
Digital Music,B000002VH6,32
Digital Music,B00EH49FRE,32
Digital Music,B00004SCCO,32
Digital Music,B00009YXGH,32
Digital Music,B000002UUM,32
Digital Music,B004L49K20,32
Digital Music,B00005AAXE,32
Digital Music,B00005K32I,32
Digital Music,B000000IS5,32
Digital Music,B000002I9H,32
Digital Music,B0000028RG,32
Digital Music,B000002GE1,32
Digital Music,B000001FCM,32
Digital Music,B00000053X,31
Digital Music,B0000025FG,31
Digital Music,B000000OPZ,31
Digital Music,B0000025DD,31
Digital Music,B000002KXO,31
Digital Music,B000002BSG,31
Digital Music,B000000518,31
Digital Music,B000002L8Z,31
Digital Music,B000PDZJ0S,31
Digital Music,B000031X1J,31
Digital Music,B00000721I,31
Digital Music,B004R0MF0W,31
Digital Music,B00005RGNW,31
Digital Music,B001CJOHG6,31
Digital Music,B0007ZEO4G,31
Digital Music,B000002PHV,31
Digital Music,B0026P3G12,31
Digital Music,B00004R7VU,31
Digital Music,B000B8QF00,31
Digital Music,B00005HYIP,31
Digital Music,B00064LOQO,31
Digital Music,B0019GAOI2,31
Digital Music,B0031AV72Q,31
Digital Music,B000ZK42QI,31
Digital Music,B00004S51Y,31
Digital Music,B00005NUXS,30
Digital Music,B000065UJJ,30
Digital Music,B0002X8J3A,30
Digital Music,B000HKDEEW,30
Digital Music,B00004U5AJ,30
Digital Music,B00AA0TZTW,30
Digital Music,B00A4EDAN6,30
Digital Music,B000002LBV,30
Digital Music,B0000TWMDY,30
Digital Music,B0000032ZU,30
Digital Music,B0008ENJ06,30
Digital Music,B00009MGQS,30
Digital Music,B0017PB5TW,30
Digital Music,B000002VOS,30
Digital Music,B000003AG8,30
Digital Music,B0009JPV8S,30
Digital Music,B000002GFW,30
Digital Music,B000002G8H,30
Digital Music,B000001F6P,30
Digital Music,B000002BVN,30
Digital Music,B000000ORB,30
Digital Music,B000002AH6,30
Digital Music,B000002GYQ,30
Digital Music,B0000024SN,30
Digital Music,B0000025AD,30
Digital Music,B0000025KF,29
Digital Music,B000001FWQ,29
Digital Music,B000002GXO,29
Digital Music,B000002KKN,29
Digital Music,B00026WVC2,29
Digital Music,B0000DJE9R,29
Digital Music,B00000IMGM,29
Digital Music,B00006SM86,29
Digital Music,B009KUAOH0,29
Digital Music,B007BZM30M,29
Digital Music,B000H7JDSQ,29
Digital Music,B000002LGL,29
Digital Music,B000002NG7,29
Digital Music,B004GHNHVW,29
Digital Music,B00000J7S9,29
Digital Music,B000Q3646A,29
Digital Music,B00000I8KE,29
Digital Music,B00001QGLB,29
Digital Music,B000002OG8,29
Digital Music,B000EGFV4K,29
Digital Music,B000005IS1,29
Digital Music,B0000032XY,29
Digital Music,B00004S80U,29
Digital Music,B000UZ4P5Q,28
Digital Music,B00001OH7M,28
Digital Music,B00004TA8K,28
Digital Music,B004J4WQ46,28
Digital Music,B0000C0FJB,28
Digital Music,B003597ORA,28
Digital Music,B000002MTI,28
Digital Music,B0000AVBDS,28
Digital Music,B00000FDJX,28
Digital Music,B0000UJLJG,28
Digital Music,B006VE678S,28
Digital Music,B00008BL44,28
Digital Music,B00002MYVJ,28
Digital Music,B0001FFIY2,28
Digital Music,B004LL1HM4,28
Digital Music,B000002O05,28
Digital Music,B001UJIMF0,28
Digital Music,B005OBMQAW,28
Digital Music,B0001AP07M,28
Digital Music,B0000009UT,28
Digital Music,B000002GGU,28
Digital Music,B0000025DR,28
Digital Music,B000001EGI,28
Digital Music,B000001DYY,28
Digital Music,B0000025IA,28
Digital Music,B000001F6G,28
Digital Music,B0000029B3,27
Digital Music,B000002HGD,27
Digital Music,B000001EYI,27
Digital Music,B000002GYN,27
Digital Music,B000002H84,27
Digital Music,B000002HAJ,27
Digital Music,B000002KOQ,27
Digital Music,B0000025NU,27
Digital Music,B000002H1T,27
Digital Music,B000002ITU,27
Digital Music,B000001EG8,27
Digital Music,B000008UKN,27
Digital Music,B00AIFTHFG,27
Digital Music,B000AV2G2O,27
Digital Music,B00005V696,27
Digital Music,B00004I9SP,27
Digital Music,B0006HC0OQ,27
Digital Music,B000005HF9,27
Digital Music,B000003B6G,27
Digital Music,B00004XQZS,27
Digital Music,B000002O2B,27
Digital Music,B00001SIES,27
Digital Music,B0002L57OG,27
Digital Music,B000HBKCDC,27
Digital Music,B000F0UV3Q,27
Digital Music,B0013FDTYA,27
Digital Music,B00BYISQTO,27
Digital Music,B008XCJ0KI,27
Digital Music,B0015D3Z3A,27
Digital Music,B00000D9VL,26
Digital Music,B000005ILF,26
Digital Music,B000G1QX4A,26
Digital Music,B000002ULS,26
Digital Music,B00000DLVA,26
Digital Music,B000088E7G,26
Digital Music,B0007WF1XC,26
Digital Music,B000002LBY,26
Digital Music,B001BM67QW,26
Digital Music,B003YK42LQ,26
Digital Music,B000002W93,26
Digital Music,B000040OVH,26
Digital Music,B0000CBHQ1,26
Digital Music,B00FAEQ22G,26
Digital Music,B00005LN49,26
Digital Music,B00DYFCYSO,26
Digital Music,B001EOQTSI,26
Digital Music,B000006ON3,26
Digital Music,B0030NL8KK,26
Digital Music,B0043C3DZU,26
Digital Music,B000069HK2,26
Digital Music,B000002PBN,26
Digital Music,B00000J7SR,26
Digital Music,B0000019HU,26
Digital Music,B000001F38,26
Digital Music,B000001Y5F,26
Digital Music,B00000295Y,26
Digital Music,B000002IXB,26
Digital Music,B000000OPC,26
Digital Music,B000002IHD,26
Digital Music,B000001FQI,26
Digital Music,B000002IJG,26
Digital Music,B000002IG4,26
Digital Music,B0000029AW,26
Digital Music,B000002BOJ,25
Digital Music,B000000509,25
Digital Music,B000002G2R,25
Digital Music,B0000025CY,25
Digital Music,B000001EUP,25
Digital Music,B000002HDG,25
Digital Music,B000000IRN,25
Digital Music,B00000AFFF,25
Digital Music,B000005HCM,25
Digital Music,B000003N8Q,25
Digital Music,B00004S9AN,25
Digital Music,B00007FOMQ,25
Digital Music,B00005Y1M2,25
Digital Music,B001L2I27O,25
Digital Music,B00004Z2V3,25
Digital Music,B000002W0Z,25
Digital Music,B00006CTE9,25
Digital Music,B00006L3IZ,25
Digital Music,B00000AFHM,25
Digital Music,B00007M8R9,25
Digital Music,B0001XARU4,25
Digital Music,B00000IONU,25
Digital Music,B0000457EA,25
Digital Music,B000FZET70,25
Digital Music,B000E3K3BY,25
Digital Music,B000009QPA,25
Digital Music,B000BKSISA,25
Digital Music,B002HP8EKE,25
Digital Music,B00005IBYZ,25
Digital Music,B00004SWJX,25
Digital Music,B000002V1I,25
Digital Music,B00004YNGK,25
Digital Music,B0037W68F4,25
Digital Music,B00004SVJR,25
Digital Music,B000JFY06Q,25
Digital Music,B0000036RP,25
Digital Music,B00012FXCW,25
Digital Music,B00000K3GK,25
Digital Music,B000007TE8,25
Digital Music,B003TTB0GC,25
Digital Music,B0009WFF0Y,25
Digital Music,B00005B58Y,24
Digital Music,B001K3JF7K,24
Digital Music,B000JU8HHE,24
Digital Music,B000002LUY,24
Digital Music,B000059Q4I,24
Digital Music,B000002OLW,24
Digital Music,B0000AGWJ7,24
Digital Music,B0000719UJ,24
Digital Music,B000E6EHI6,24
Digital Music,B00006JSIU,24
Digital Music,B00004S5EF,24
Digital Music,B000002O4I,24
Digital Music,B00004TGLF,24
Digital Music,B00004TAXE,24
Digital Music,B0002XEDMG,24
Digital Music,B00005V9QJ,24
Digital Music,B00000IGQU,24
Digital Music,B001IX4CKC,24
Digital Music,B00CL8D83U,24
Digital Music,B001H9N88Y,24
Digital Music,B000003N8P,24
Digital Music,B004OAPF6Q,24
Digital Music,B000FUF86Q,24
Digital Music,B00009PJRD,24
Digital Music,B00004NK9T,24
Digital Music,B00000FDHE,24
Digital Music,B007LNJ3YS,24
Digital Music,B00000K073,24
Digital Music,B00000J2SK,24
Digital Music,B000NQR7NO,24
Digital Music,B001AGNRYY,24
Digital Music,B0013H8QEG,24
Digital Music,B000007O5J,24
Digital Music,B0014DC046,24
Digital Music,B003UDBSVY,24
Digital Music,B000034D0D,24
Digital Music,B000002N0B,24
Digital Music,B000001F8P,24
Digital Music,B000001Y13,24
Digital Music,B000000WZ4,24
Digital Music,B000002KKX,24
Digital Music,B000001EXB,24
Digital Music,B000002KLM,24
Digital Music,B000002BFL,24
Digital Music,B000000WCV,24
Digital Music,B000002GKT,24
Digital Music,B000002KNL,24
Digital Music,B000002KJ1,24
Digital Music,B000000W6X,24
Digital Music,B000002GA9,24
Digital Music,B000002GXG,24
Digital Music,B000002I55,24
Digital Music,B00000053B,24
Digital Music,B000001A9C,23
Digital Music,B000002LB7,23
Digital Music,B000001AHX,23
Digital Music,B00000053Q,23
Digital Music,B000001FCK,23
Digital Music,B000002KZQ,23
Digital Music,B0000024VT,23
Digital Music,B000001E58,23
Digital Music,5555991584,23
Digital Music,B0025X4OWA,23
Digital Music,B000002TP7,23
Digital Music,B0021X515S,23
Digital Music,B00000AGA0,23
Digital Music,B0001XAMC2,23
Digital Music,B004UBB3KQ,23
Digital Music,B001AI93YA,23
Digital Music,B000002LBW,23
Digital Music,B000002PBF,23
Digital Music,B0013L5M08,23
Digital Music,B005ELQVGW,23
Digital Music,B0011HF6GE,23
Digital Music,B00001IVOV,23
Digital Music,B000QCK99E,23
Digital Music,B000O5AYC0,23
Digital Music,B0000062H5,23
Digital Music,B0002IQHV6,23
Digital Music,B0002CHI4C,23
Digital Music,B007M45QRE,23
Digital Music,B000JJRIO8,23
Digital Music,B000IY04S6,23
Digital Music,B000IFRQMW,23
Digital Music,B000003ADA,23
Digital Music,B00004SZG2,23
Digital Music,B00004TLV8,23
Digital Music,B0000C0FBM,23
Digital Music,B000002OQ3,23
Digital Music,B000FBGBPC,23
Digital Music,B00ERMICY8,23
Digital Music,B002TZVH2Y,23
Digital Music,B00000A6JS,23
Digital Music,B0000C83MI,22
Digital Music,B00005B4GB,22
Digital Music,B000JJRINO,22
Digital Music,B001MWGZDG,22
Digital Music,B00008AY3L,22
Digital Music,B000002P2E,22
Digital Music,B000003TA0,22
Digital Music,B001CY2EL6,22
Digital Music,B001TD1XWG,22
Digital Music,B000003BD7,22
Digital Music,B00066N8JI,22
Digital Music,B000007NZO,22
Digital Music,B000002W6Q,22
Digital Music,B001LK1LA6,22
Digital Music,B000002UBU,22
Digital Music,B00004TTGI,22
Digital Music,B0000AKCLJ,22
Digital Music,B00022FWHW,22
Digital Music,B009KGKF3M,22
Digital Music,B00005B0S6,22
Digital Music,B00008AY6B,22
Digital Music,B000000Y1H,22
Digital Music,B000001G0U,22
Digital Music,B000001DSD,22
Digital Music,B0000026IC,22
Digital Music,B0000025FJ,22
Digital Music,B000002HQD,22
Digital Music,B0000025R3,22
Digital Music,B0000009UX,22
Digital Music,B000002GJB,22
Digital Music,B000001G07,22
Digital Music,B000002GXU,22
Digital Music,B000001FE0,22
Digital Music,B000002KYC,22
Digital Music,B000001EP1,22
Digital Music,B000002KXX,22
Digital Music,B0000024TT,22
Digital Music,B000001Y57,22
Digital Music,B0000026T4,22
Digital Music,B0000024LN,21
Digital Music,B000001F2S,21
Digital Music,B0000025AS,21
Digital Music,B000001FTX,21
Digital Music,B0000011XM,21
Digital Music,B000002KDQ,21
Digital Music,B0000024ZC,21
Digital Music,B000002510,21
Digital Music,B0000027DJ,21
Digital Music,B000002L66,21
Digital Music,B000002L82,21
Digital Music,B000005S5N,21
Digital Music,B000009EJU,21
Digital Music,B0009QYQVO,21
Digital Music,B00004T8ZB,21
Digital Music,B0000060NH,21
Digital Music,B0067LY4WG,21
Digital Music,B000021XSC,21
Digital Music,B000T0C0MC,21
Digital Music,B000005AM7,21
Digital Music,B000003AB1,21
Digital Music,B001V7UXB2,21
Digital Music,B000I5X82O,21
Digital Music,B0009XFIZK,21
Digital Music,B0041WLBEC,21
Digital Music,B00000JBFX,21
Digital Music,B000002N25,21
Digital Music,B00009U5J5,21
Digital Music,B008JFC6F0,21
Digital Music,B00204AA0O,21
Digital Music,B007B6VOII,21
Digital Music,B0000V19LS,21
Digital Music,B000008EXZ,21
Digital Music,B000002VS5,21
Digital Music,B00338T5RK,21
Digital Music,B000002OMN,21
Digital Music,B000069KI1,21
Digital Music,B000ATT2QO,21
Digital Music,B000002QMB,20
Digital Music,B00005NZKM,20
Digital Music,B00000I41G,20
Digital Music,B00006LV77,20
Digital Music,B001B94K2S,20
Digital Music,B0007QS4TQ,20
Digital Music,B00022KF1A,20
Digital Music,B000002O6V,20
Digital Music,B00DRDSL4Y,20
Digital Music,B000002VCZ,20
Digital Music,B008XBRV6Y,20
Digital Music,B000005HNA,20
Digital Music,B00063MBT4,20
Digital Music,B000053GTK,20
Digital Music,B0000DZ3FV,20
Digital Music,B00000I8T5,20
Digital Music,B001F2U72I,20
Digital Music,B0000C8Y0N,20
Digital Music,B000051Y1V,20
Digital Music,B00000K53Y,20
Digital Music,B007JOM5XA,20
Digital Music,B00000DR7P,20
Digital Music,B0000032UW,20
Digital Music,B003JYOFIW,20
Digital Music,B000005RHR,20
Digital Music,B00000JHD7,20
Digital Music,B000WCDI5K,20
Digital Music,B00000IP8G,20
Digital Music,B000002OJ5,20
Digital Music,B000002VRQ,20
Digital Music,B000002PHQ,20
Digital Music,B00002067T,20
Digital Music,B000ND91SG,20
Digital Music,B000002W7N,20
Digital Music,B000002HKC,20
Digital Music,B000002HQY,20
Digital Music,B000001DVR,20
Digital Music,B0000024WV,20
Digital Music,B0000024II,20
Digital Music,B00000017R,20
Digital Music,B000001DUK,20
Digital Music,B000000WGN,20
Digital Music,B0000025VL,20
Digital Music,B0000004UM,20
Digital Music,B000002L5U,20
Digital Music,B000001DU5,19
Digital Music,B000002GX3,19
Digital Music,B0000009V1,19
Digital Music,B000002AI3,19
Digital Music,B0000025CO,19
Digital Music,B000001FXV,19
Digital Music,B000001FUB,19
Digital Music,B000002BA5,19
Digital Music,B000002JB3,19
Digital Music,B0000004VW,19
Digital Music,B0000026J6,19
Digital Music,B000000WCT,19
Digital Music,B000001DWX,19
Digital Music,B000002LD5,19
Digital Music,B000051XVN,19
Digital Music,B000002WCL,19
Digital Music,B0000BWVO9,19
Digital Music,B000003114,19
Digital Music,B00004YWGB,19
Digital Music,B00013AFXS,19
Digital Music,B00005NNQO,19
Digital Music,B000005HN6,19
Digital Music,B000002LRZ,19
Digital Music,B00009V8Z9,19
Digital Music,B00000JMCL,19
Digital Music,B000003TBY,19
Digital Music,B00000I926,19
Digital Music,B000WSVBYO,19
Digital Music,B008BUFQY6,19
Digital Music,B00000I8UI,19
Digital Music,B000HEZF6I,19
Digital Music,B00004KD1L,19
Digital Music,B00004TA40,19
Digital Music,B000SZLSB2,19
Digital Music,B000S9UA94,19
Digital Music,B000007NAY,19
Digital Music,B004W9CG5W,19
Digital Music,B0002ZMJDE,19
Digital Music,B00000IFW1,19
Digital Music,B000002NC4,19
Digital Music,B00002MU53,19
Digital Music,B00005LODB,19
Digital Music,B0000089FT,19
Digital Music,B000038IDJ,19
Digital Music,B0000089FS,19
Digital Music,B000068Q64,19
Digital Music,B000003JCL,19
Digital Music,B000819PKC,19
Digital Music,B002WIDRM6,19
Digital Music,B002U1ABZG,19
Digital Music,B00009EIPA,19
Digital Music,B0002PUH06,19
Digital Music,B00CF7PG5U,19
Digital Music,B000B5XSXU,19
Digital Music,B000002U8M,19
Digital Music,B000002UE9,19
Digital Music,B0028Y5MY0,19
Digital Music,B0001ZMXDG,19
Digital Music,B0001XARY0,19
Digital Music,B0007US8ES,18
Digital Music,B00005NY9B,18
Digital Music,B00004YRGJ,18
Digital Music,B0002BK4IA,18
Digital Music,B0007TF19Y,18
Digital Music,B000002LN0,18
Digital Music,B009XC8Q6Q,18
Digital Music,B0001BVI86,18
Digital Music,B00005NKKR,18
Musical Instruments,B003VWJ2K8,163
Musical Instruments,B0002E1G5C,143
Musical Instruments,B0002F7K7Y,116
Musical Instruments,B003VWKPHC,114
Musical Instruments,B0002H0A3S,93
Musical Instruments,B0002CZVXM,74
Musical Instruments,B0006NDF8A,71
Musical Instruments,B0009G1E0K,69
Musical Instruments,B0002E2KPC,68
Musical Instruments,B0002GLDQM,67
Musical Instruments,B004XNK7AI,65
Musical Instruments,B005FKF1PY,63
Musical Instruments,B00646MZHK,62
Musical Instruments,B0002GMGYA,58
Musical Instruments,B001PGXHX0,58
Musical Instruments,B0018TIADQ,57
Musical Instruments,B000978D58,57
Musical Instruments,B0002D0CEO,55
Musical Instruments,B001PGXKC8,55
Musical Instruments,B000068NW5,52
Musical Instruments,B0002IHFVM,49
Musical Instruments,B000RNB720,47
Musical Instruments,B0002M6CVC,46
Musical Instruments,B0002OOMU8,46
Musical Instruments,B0002CZW0Y,46
Musical Instruments,B0002E2XCW,45
Musical Instruments,B0002E3CHC,44
Musical Instruments,B000PO30QM,44
Musical Instruments,B005CX4GLE,42
Musical Instruments,B0002D0E8S,41
Musical Instruments,B000L6GD04,37
Musical Instruments,B0002GLCRC,37
Musical Instruments,B0002GYW4C,35
Musical Instruments,B008BPI2HE,35
Musical Instruments,B0002GZM00,34
Musical Instruments,B000EELB8W,33
Musical Instruments,B0002GXF8Q,33
Musical Instruments,B0002GWFEQ,33
Musical Instruments,B003JJQMD8,32
Musical Instruments,B003DVGVIS,32
Musical Instruments,B0002E1O2C,32
Musical Instruments,B0026RB0G8,31
Musical Instruments,B000NJ2TIE,30
Musical Instruments,B000VJJQUU,29
Musical Instruments,B0002DV7ZM,29
Musical Instruments,B0002D0CQC,29
Musical Instruments,B000B6FBA2,28
Musical Instruments,B0002CZSJO,28
Musical Instruments,B004Z17008,27
Musical Instruments,B0042EZH6W,27
Musical Instruments,B0015RIN6U,27
Musical Instruments,B00191WVF6,26
Musical Instruments,B000ULAP4U,26
Musical Instruments,B004N0MKN8,26
Musical Instruments,B0002M6CW6,26
Musical Instruments,B000B6DHB2,26
Musical Instruments,B0002D0CGC,25
Musical Instruments,B0002KZE7C,25
Musical Instruments,B0016ZZKJO,25
Musical Instruments,B00154OJOI,25
Musical Instruments,B005M0CK9M,25
Musical Instruments,B00AZUAORE,24
Musical Instruments,B00IZCSW3M,24
Musical Instruments,B0002KZAKS,24
Musical Instruments,B0002M3OVI,24
Musical Instruments,B00063678K,24
Musical Instruments,B0002CZVK0,24
Musical Instruments,B003GEBGA0,23
Musical Instruments,B0002E2GMY,23
Musical Instruments,B000KIPT30,23
Musical Instruments,B000LQLDM2,22
Musical Instruments,B0002D0COE,22
Musical Instruments,B0073XCXHA,22
Musical Instruments,B0002D0CKI,22
Musical Instruments,B0002GXZK4,22
Musical Instruments,B003B01QR2,22
Musical Instruments,B000A6ASSS,22
Musical Instruments,B0002CZSJY,22
Musical Instruments,B0002CZUUG,22
Musical Instruments,B0002E1H9W,21
Musical Instruments,B00BU9KCXK,21
Musical Instruments,B0002F7IIK,21
Musical Instruments,B001W99HE8,20
Musical Instruments,B004FEGXDK,20
Musical Instruments,B004UJO41S,20
Musical Instruments,B002EWV8IU,20
Musical Instruments,B0002GJ6FC,20
Musical Instruments,B005OZE9SA,20
Musical Instruments,B005MR6IHK,20
Musical Instruments,B0037M62KA,20
Musical Instruments,B0002CZV82,20
Musical Instruments,B000KIRT74,19
Musical Instruments,B004FPEF84,19
Musical Instruments,B0010SHU18,19
Musical Instruments,B000J5XS3C,19
Musical Instruments,B003B01QL8,19
Musical Instruments,B005PNXT6E,18
Musical Instruments,B0002OOMW6,18
Musical Instruments,B002X8Y4SQ,18
Musical Instruments,B00AQBT3EW,18
Musical Instruments,B0002H02IG,18
Musical Instruments,B0002IAJ56,18
Musical Instruments,B0007GGUGA,18
Musical Instruments,B0002F7IN0,18
Musical Instruments,B0018TAITA,18
Musical Instruments,B0002D01K4,18
Musical Instruments,B000165DSM,18
Musical Instruments,B0000AQRSU,17
Musical Instruments,B000068O3X,17
Musical Instruments,B001MMYVZU,17
Musical Instruments,B003LTJ404,17
Musical Instruments,B00GTSM8FW,17
Musical Instruments,B000VBH2IG,17
Musical Instruments,B003NJF1G8,17
Musical Instruments,B0002M6B2M,17
Musical Instruments,B000960KNW,17
Musical Instruments,B002HPMTZU,17
Musical Instruments,B0037M62AK,17
Musical Instruments,B0002GXPRM,17
Musical Instruments,B005LYIW3W,17
Musical Instruments,B000KW2YEI,17
Musical Instruments,B0002E1O3G,16
Musical Instruments,B007PKR3SK,16
Musical Instruments,B001LJUVO4,16
Musical Instruments,B002Q0WSO8,16
Musical Instruments,B000CD1R7K,16
Musical Instruments,B001FSZR4U,16
Musical Instruments,B001JI2KHS,16
Musical Instruments,B0002F4VBM,16
Musical Instruments,B000WN4J9S,16
Musical Instruments,B0006ZXFWO,16
Musical Instruments,B0002F58TG,16
Musical Instruments,B000OMG0KI,16
Musical Instruments,B007T8OGLK,16
Musical Instruments,B0037M4CPM,16
Musical Instruments,B007T8CUNG,16
Musical Instruments,B0002GXV2Q,16
Musical Instruments,B0002CZTIO,16
Musical Instruments,B0002CZVWS,16
Musical Instruments,B0002CZZW4,16
Musical Instruments,B0002KZIVY,15
Musical Instruments,B005PGGU9O,15
Musical Instruments,B005VLWHP4,15
Musical Instruments,B000XPPURU,15
Musical Instruments,B0002DV7U2,15
Musical Instruments,B0002GZBLU,15
Musical Instruments,B000AAGM0M,15
Musical Instruments,B0010CAEFS,15
Musical Instruments,B002AQNGIU,15
Musical Instruments,B000CCJP4I,15
Musical Instruments,B001SC4I16,15
Musical Instruments,B000MVYOZY,15
Musical Instruments,B0002H04NE,15
Musical Instruments,B002VA464S,15
Musical Instruments,B001L8NGJ2,15
Musical Instruments,B0002E1O5E,15
Musical Instruments,B0051WAJ5S,15
Musical Instruments,B005H2007E,15
Musical Instruments,B001AH83UG,15
Musical Instruments,B0002D0Q2W,15
Musical Instruments,B004OK17QS,14
Musical Instruments,B000EELFI8,14
Musical Instruments,B000UJCTVE,14
Musical Instruments,B0016MJ1T2,14
Musical Instruments,B000P5LVSK,14
Musical Instruments,B0002KYXTM,14
Musical Instruments,B0002E2S36,14
Musical Instruments,B005T800V2,14
Musical Instruments,B0002D0CNA,14
Musical Instruments,B0002II6V0,14
Musical Instruments,B000SJJCX4,14
Musical Instruments,B0002E1O2M,14
Musical Instruments,B0018TG8HQ,14
Musical Instruments,B00006LVEU,14
Musical Instruments,B000068NVI,13
Musical Instruments,B0002CZVBE,13
Musical Instruments,B0002D02RQ,13
Musical Instruments,B004T6M7DE,13
Musical Instruments,B0002GW3Y8,13
Musical Instruments,B0002D0CGW,13
Musical Instruments,B0002D0CIK,13
Musical Instruments,B0002D0CL2,13
Musical Instruments,B0002IHP0S,13
Musical Instruments,B001DW6RJC,13
Musical Instruments,B002C741BI,13
Musical Instruments,B000EEK4VM,13
Musical Instruments,B0009K9MUA,13
Musical Instruments,B000EELFTW,13
Musical Instruments,B0002GIRP2,13
Musical Instruments,B00267OCTA,13
Musical Instruments,B000EEJ8IM,13
Musical Instruments,B000Y35C8S,13
Musical Instruments,B0002DV6RQ,13
Musical Instruments,B000UJFR4A,13
Musical Instruments,B0055V7UR0,13
Musical Instruments,B00JBIVXGC,13
Musical Instruments,B000XPO0IU,13
Musical Instruments,B0016ML1C2,13
Musical Instruments,B005A09I7Q,13
Musical Instruments,B0009DXEEM,13
Musical Instruments,B000P5OUCE,13
Musical Instruments,B003SZDFM4,13
Musical Instruments,B000EEL6J6,12
Musical Instruments,B0002D0CLC,12
Musical Instruments,B00BKXN9LS,12
Musical Instruments,B003BFYDBS,12
Musical Instruments,B0002H0FMO,12
Musical Instruments,B0002ZPK5I,12
Musical Instruments,B0002PBS6I,12
Musical Instruments,B0002KZEAE,12
Musical Instruments,B0002GTZR6,12
Musical Instruments,B003VYBD58,12
Musical Instruments,B0037ME50Y,12
Musical Instruments,B000CD1R84,12
Musical Instruments,B002NG7DEK,12
Musical Instruments,B007BY2F7O,12
Musical Instruments,B0027M30Z6,12
Musical Instruments,B000EEEYCW,12
Musical Instruments,B000EE8YPK,12
Musical Instruments,B0006H92QK,12
Musical Instruments,B003OG9NH8,12
Musical Instruments,B0002E38B2,12
Musical Instruments,B000BUDO48,12
Musical Instruments,B000CBE3G4,12
Musical Instruments,B001J5RYXQ,12
Musical Instruments,B0009G1KEU,12
Musical Instruments,B000RKL8R2,12
Musical Instruments,B0001FTVD6,12
Musical Instruments,B0002CZST4,11
Musical Instruments,B0000AQRST,11
Musical Instruments,B0002CZUTM,11
Musical Instruments,B000RXPN02,11
Musical Instruments,B000BKY8CU,11
Musical Instruments,B0002E3B78,11
Musical Instruments,B0033PSGSW,11
Musical Instruments,B00HFRXACG,11
Musical Instruments,B0097WDJZA,11
Musical Instruments,B007YWHIP2,11
Musical Instruments,B007Q27BH0,11
Musical Instruments,B0064RIB9A,11
Musical Instruments,B0006OHVK2,11
Musical Instruments,B003BGO2OK,11
Musical Instruments,B0002GOJZO,11
Musical Instruments,B0002GX5NG,11
Musical Instruments,B002UXS4JO,11
Musical Instruments,B005M0TKL8,11
Musical Instruments,B0027V760M,11
Musical Instruments,B0002GZLZQ,11
Musical Instruments,B004VDD4KK,11
Musical Instruments,B000KIRT6A,11
Musical Instruments,B0046A04LU,11
Musical Instruments,B0002KZEMC,11
Musical Instruments,B0040ZBI52,11
Musical Instruments,B003W47NII,11
Musical Instruments,B0002PBS6S,11
Musical Instruments,B0002T67J2,11
Musical Instruments,B003AAEGZ2,11
Musical Instruments,B0002D0CAI,11
Musical Instruments,B0002D0DWK,11
Musical Instruments,B0002D0KOG,11
Musical Instruments,B000EEHKVY,11
Musical Instruments,B003AYNHGW,11
Musical Instruments,B000CCIVCA,11
Musical Instruments,B00A716FB0,11
Musical Instruments,B0002E1J3Q,11
Musical Instruments,B001G3TJXO,11
Musical Instruments,B000EEJF4O,11
Musical Instruments,B003K16N0C,11
Musical Instruments,B000GUR8V8,11
Musical Instruments,B000A2HDXA,11
Musical Instruments,B000KGYAYQ,10
Musical Instruments,B001EL6I8W,10
Musical Instruments,B000A2HOB6,10
Musical Instruments,B0002FO9QY,10
Musical Instruments,B0044R1M0M,10
Musical Instruments,B000JRPYGE,10
Musical Instruments,B00BL6JDUA,10
Musical Instruments,B000RW2DUQ,10
Musical Instruments,B007J49GPK,10
Musical Instruments,B000BUGNNM,10
Musical Instruments,B0037M62JQ,10
Musical Instruments,B000MFN8B6,10
Musical Instruments,B003VYBNLW,10
Musical Instruments,B0002MSQVQ,10
Musical Instruments,B0037MA77E,10
Musical Instruments,B0002E1O7W,10
Musical Instruments,B001MSS6CS,10
Musical Instruments,B002G1UT5C,10
Musical Instruments,B0002DURNK,10
Musical Instruments,B0006GR4L6,10
Musical Instruments,B001QWBM62,10
Musical Instruments,B000EEN9OG,10
Musical Instruments,B0002Z2CZY,10
Musical Instruments,B002ZH9JQC,10
Musical Instruments,B001RMFSDE,10
Musical Instruments,B0002D0CA8,10
Musical Instruments,B004ZKIHVU,10
Musical Instruments,B000EEGAJW,10
Musical Instruments,B0027842S4,10
Musical Instruments,B002GYWBJ6,10
Musical Instruments,B000XXBHA6,10
Musical Instruments,B000CZ0RLK,10
Musical Instruments,B000QGCJU2,10
Musical Instruments,B0002F75K6,10
Musical Instruments,B001AS6OYC,10
Musical Instruments,B0002H0LQO,10
Musical Instruments,B004OU2IQG,10
Musical Instruments,B002QQC1ZI,10
Musical Instruments,B002GYWBIM,10
Musical Instruments,B0033P1O6S,10
Musical Instruments,B0002Z2D0I,10
Musical Instruments,B001RNOHHG,10
Musical Instruments,B0002E3DNK,10
Musical Instruments,B0010CZ8GS,10
Musical Instruments,B0002CZV46,10
Musical Instruments,B000068O4H,10
Musical Instruments,B0002CZVI2,10
Musical Instruments,B0002D0B4K,9
Musical Instruments,B0002D01KO,9
Musical Instruments,B000068O1N,9
Musical Instruments,B0002CZVA0,9
Musical Instruments,B000Y30NAA,9
Musical Instruments,B0002D0CLM,9
Musical Instruments,B004TE5HBU,9
Musical Instruments,B0002D0JZ6,9
Musical Instruments,B004TQJ174,9
Musical Instruments,B004U1QDL0,9
Musical Instruments,B002GYWBKU,9
Musical Instruments,B003AJMPW4,9
Musical Instruments,B001GWCC4I,9
Musical Instruments,B0039HBNMA,9
Musical Instruments,B005EHILV4,9
Musical Instruments,B005FKF3L6,9
Musical Instruments,B0002E1J5E,9
Musical Instruments,B0007NQH98,9
Musical Instruments,B002KDHBRU,9
Musical Instruments,B0037MC786,9
Musical Instruments,B005NACC6M,9
Musical Instruments,B0064RFT4A,9
Musical Instruments,B0006NDF6C,9
Musical Instruments,B007IE5QP0,9
Musical Instruments,B0002E2Z8Y,9
Musical Instruments,B0037GXRHM,9
Musical Instruments,B0002E38AS,9
Musical Instruments,B00378GEAM,9
Musical Instruments,B007Q28BHE,9
Musical Instruments,B0002E3DLM,9
Musical Instruments,B008GS9UNQ,9
Musical Instruments,B008LMS4MK,9
Musical Instruments,B0002E5518,9
Musical Instruments,B0002F519I,9
Musical Instruments,B0002F77B8,9
Musical Instruments,B0002HLL8G,9
Musical Instruments,B0002M728Y,9
Musical Instruments,B0002MDTVS,9
Musical Instruments,B002QJVTNA,9
Musical Instruments,B000X31R2E,9
Musical Instruments,B0002Y6BJI,9
Musical Instruments,B000E0PPG0,9
Musical Instruments,B0023BYDHK,9
Musical Instruments,B000J5UEGQ,9
Musical Instruments,B000J5Y214,9
Musical Instruments,B000BU5V58,9
Musical Instruments,B000RY68PA,9
Musical Instruments,B000M23OQ8,9
Musical Instruments,B001RNHE30,9
Musical Instruments,B001R76D42,9
Musical Instruments,B000B6DHAS,9
Musical Instruments,B000P5OULA,9
Musical Instruments,B000PAPO9W,9
Musical Instruments,B000AKSUP2,9
Musical Instruments,B001J1SX94,9
Musical Instruments,B001OLW0J8,9
Musical Instruments,B000RXN6SS,9
Musical Instruments,B000CD3QY2,9
Musical Instruments,B00186L9X2,9
Musical Instruments,B000TGSM6E,9
Musical Instruments,B000UF3SEA,9
Musical Instruments,B0013PU75Y,8
Musical Instruments,B0002KZIV4,8
Musical Instruments,B000N5YEDG,8
Musical Instruments,B002T45X1G,8
Musical Instruments,B003AYEAHC,8
Musical Instruments,B000EEJAWQ,8
Musical Instruments,B000NGVQKO,8
Musical Instruments,B0002E1I2I,8
Musical Instruments,B0002E1NNM,8
Musical Instruments,B0002E1NQ4,8
Musical Instruments,B000EEHMXA,8
Musical Instruments,B0002E1O7M,8
Musical Instruments,B002QKRUJG,8
Musical Instruments,B0018SJLFS,8
Musical Instruments,B000FIZISQ,8
Musical Instruments,B000F3JO7M,8
Musical Instruments,B000VOBU9U,8
Musical Instruments,B000AC6DVS,8
Musical Instruments,B000KIPD5E,8
Musical Instruments,B000RKVH0K,8
Musical Instruments,B0002KZQ34,8
Musical Instruments,B0002KZISM,8
Musical Instruments,B003AYK8XW,8
Musical Instruments,B000RPUMII,8
Musical Instruments,B00178JDCK,8
Musical Instruments,B001GD07SK,8
Musical Instruments,B000RW0GT6,8
Musical Instruments,B003AYRBWI,8
Musical Instruments,B001V5K2S8,8
Musical Instruments,B000EELBQ4,8
Musical Instruments,B002GHBZ4U,8
Musical Instruments,B003B0I09Y,8
Musical Instruments,B000LPSNRQ,8
Musical Instruments,B000RYE5Y6,8
Musical Instruments,B000BYPJ1U,8
Musical Instruments,B000ARH3M6,8
Musical Instruments,B003D3OCD2,8
Musical Instruments,B00095VIMU,8
Musical Instruments,B0009RLE5Y,8
Musical Instruments,B001L8PIFW,8
Musical Instruments,B003FO6E6M,8
Musical Instruments,B000EEJJI6,8
Musical Instruments,B0002IHGZC,8
Musical Instruments,B0002H0N76,8
Musical Instruments,B004PG1A4A,8
Musical Instruments,B0002H0JZC,8
Musical Instruments,B000OR5928,8
Musical Instruments,B000OR88JE,8
Musical Instruments,B0002H0H4A,8
Musical Instruments,B0002GZTT4,8
Musical Instruments,B002R2IUEW,8
Musical Instruments,B000OY707S,8
Musical Instruments,B0007OGTGS,8
Musical Instruments,B0002GYYD6,8
Musical Instruments,B000L7MNUM,8
Musical Instruments,B0002GX6V2,8
Musical Instruments,B0002GML4U,8
Musical Instruments,B0002GJILE,8
Musical Instruments,B0064RDPVE,8
Musical Instruments,B000KIPUQG,8
Musical Instruments,B001RNH8YA,8
Musical Instruments,B000BNSYHW,8
Musical Instruments,B0002F741Q,8
Musical Instruments,B007K3EGXW,8
Musical Instruments,B0002F73YY,8
Musical Instruments,B000VZYS66,8
Musical Instruments,B001QJGYIG,8
Musical Instruments,B00064TZYW,8
Musical Instruments,B007T8KI6M,8
Musical Instruments,B000VUNEZM,8
Musical Instruments,B0087UPSLQ,8
Musical Instruments,B009O7CE5O,8
Musical Instruments,B00A270KYM,8
Musical Instruments,B000VTPR08,8
Musical Instruments,B00J4TBMVO,8
Musical Instruments,B0002D0096,8
Musical Instruments,B0002CZT0M,8
Musical Instruments,B0002BACB4,7
Musical Instruments,B000068NSX,7
Musical Instruments,B0000AQRSS,7
Musical Instruments,B000068NZC,7
Musical Instruments,B000068O3D,7
Musical Instruments,B0002D01PY,7
Musical Instruments,B0002D05FU,7
Musical Instruments,B0002CZVHI,7
Musical Instruments,B003OUX8ZM,7
Musical Instruments,B001GH4H3W,7
Musical Instruments,B003U3LUOY,7
Musical Instruments,B0010GNU9Q,7
Musical Instruments,B0002PBS68,7
Musical Instruments,B003WZ6VVM,7
Musical Instruments,B003Y3ASW0,7
Musical Instruments,B001D2TPZU,7
Musical Instruments,B0002KZFYE,7
Musical Instruments,B00466HM28,7
Musical Instruments,B0002KZDN2,7
Musical Instruments,B0049Z4UQ2,7
Musical Instruments,B0025V1REU,7
Musical Instruments,B004FRHKA2,7
Musical Instruments,B004M9CKVM,7
Musical Instruments,B000XUUXB8,7
Musical Instruments,B001KXKGBY,7
Musical Instruments,B0002D0L40,7
Musical Instruments,B0002D0LKY,7
Musical Instruments,B0002D0N70,7
Musical Instruments,B001UYKGUE,7
Musical Instruments,B00389KMQM,7
Musical Instruments,B0002E1O2W,7
Musical Instruments,B0007XWUQ2,7
Musical Instruments,B004UNL1P6,7
Musical Instruments,B0037M62M8,7
Musical Instruments,B0002E3DGC,7
Musical Instruments,B000KUCQXY,7
Musical Instruments,B004Z8VQ2O,7
Musical Instruments,B0002E3FCO,7
Musical Instruments,B004ZKY10Q,7
Musical Instruments,B0050ALN2E,7
Musical Instruments,B000KITQKM,7
Musical Instruments,B0008G26JO,7
Musical Instruments,B0002GZBNS,7
Musical Instruments,B0002GZ052,7
Musical Instruments,B005BSOVRY,7
Musical Instruments,B0007ORM0K,7
Musical Instruments,B001U5PCFM,7
Musical Instruments,B005FIFM14,7
Musical Instruments,B0002D0CGM,7
Musical Instruments,B000BQTCDO,7
Musical Instruments,B000WF1AMU,7
Musical Instruments,B005J2PXV0,7
Musical Instruments,B001R2LQWQ,7
Musical Instruments,B0007L8BQW,7
Musical Instruments,B005M0KLGQ,7
Musical Instruments,B000K6B4E0,7
Musical Instruments,B000KIRT38,7
Musical Instruments,B001OLZYUU,7
Musical Instruments,B0002GXV3A,7
Musical Instruments,B0040O49OU,7
Musical Instruments,B001REJX1U,7
Musical Instruments,B005SUS1JO,7
Musical Instruments,B000ZJTPLG,7
Musical Instruments,B0002GL7ZO,7
Musical Instruments,B005ZV5K0O,7
Musical Instruments,B001IM5KFY,7
Musical Instruments,B000IO8XFM,7
Musical Instruments,B000RYPN38,7
Musical Instruments,B000W00X1Y,7
Musical Instruments,B0014IEBM0,7
Musical Instruments,B0079KQEOK,7
Musical Instruments,B0002FOBJY,7
Musical Instruments,B000SAC5PA,7
Musical Instruments,B0019QJW2G,7
Musical Instruments,B00178LDW8,7
Musical Instruments,B000T4SI1K,7
Musical Instruments,B002DYJEMQ,7
Musical Instruments,B000LFCXL8,7
Musical Instruments,B001L8MDMS,7
Musical Instruments,B000U0DU34,7
Musical Instruments,B000XPPR2S,7
Musical Instruments,B000CCMWVG,7
Musical Instruments,B000UJHHLQ,7
Musical Instruments,B0002F4MKC,7
Musical Instruments,B008BTTQI4,7
Musical Instruments,B008GS3XLQ,7
Musical Instruments,B001Q8DJO4,7
Musical Instruments,B008IYUF96,7
Musical Instruments,B000KIPTE4,7
Musical Instruments,B0002E54ZU,7
Musical Instruments,B009MBT68U,7
Musical Instruments,B002024UDE,7
Musical Instruments,B009ZX8ZJG,7
Musical Instruments,B002433RXI,7
Musical Instruments,B0009H00WW,7
Musical Instruments,B0002ZPK0S,7
Musical Instruments,B0002ZO60I,7
Musical Instruments,B0002E52RU,7
Musical Instruments,B00BL6IYW8,7
Musical Instruments,B0002ZO3LK,7
Musical Instruments,B00CDA0IUC,7
Musical Instruments,B00FXKIG5I,7
Musical Instruments,B0002E5266,7
Musical Instruments,B0002E51ZS,7
Musical Instruments,B0002Z2D08,7
Musical Instruments,B0025PM6DM,7
Musical Instruments,B0052S3WFU,7
Musical Instruments,B0006M59M6,6
Musical Instruments,B0006VMBHI,6
Musical Instruments,B0006ZXG00,6
Musical Instruments,B003XDUAOM,6
Musical Instruments,B0007SL86A,6
Musical Instruments,B0007Y3XGW,6
Musical Instruments,B0009EQMZE,6
Musical Instruments,B0009EQOES,6
Musical Instruments,B0009EU01G,6
Musical Instruments,B000A6GY1I,6
Musical Instruments,B000BBRZ3S,6
Musical Instruments,B000BW2D84,6
Musical Instruments,B000BWEM42,6
Musical Instruments,B000CDT4VQ,6
Musical Instruments,B000CZ0RHY,6
Musical Instruments,B004GYOZ6G,6
Musical Instruments,B004HJ58JI,6
Musical Instruments,B004INGEB4,6
Musical Instruments,B004ISK48S,6
Musical Instruments,B004J27QXY,6
Musical Instruments,B004LG93KC,6
Musical Instruments,B004M8UZS8,6
Musical Instruments,B000EEHDIE,6
Musical Instruments,B004MF39YS,6
Musical Instruments,B000EEHJS8,6
Musical Instruments,B004N6RBWW,6
Musical Instruments,B000EEJAFS,6
Musical Instruments,B000EEL8US,6
Musical Instruments,B000EENH5W,6
Musical Instruments,B000FZ1KF4,6
Musical Instruments,B000H2BC4E,6
Musical Instruments,B004TGVRDA,6
Musical Instruments,B000HVXMNE,6
Musical Instruments,B000K69V5E,6
Musical Instruments,B000N5MK8M,6
Musical Instruments,B000OR2QX8,6
Musical Instruments,B000OY4WDI,6
Musical Instruments,B000RMQM4E,6
Musical Instruments,B000RVWY42,6
Musical Instruments,B000T4PJC6,6
Musical Instruments,B000T517Y4,6
Musical Instruments,B000T9PE9E,6
Musical Instruments,B000V4YFLA,6
Musical Instruments,B000VBC5CY,6
Musical Instruments,B000VJ2VCK,6
Musical Instruments,B0053CUHMG,6
Musical Instruments,B000VJZOLK,6
Musical Instruments,B0058GZTVG,6
Musical Instruments,B000VTPQWW,6
Musical Instruments,B005AGGZ8K,6
Musical Instruments,B000WGJ71U,6
Musical Instruments,B005CERXFO,6
Musical Instruments,B000WS1QC6,6
Musical Instruments,B000XPQ1YG,6
Musical Instruments,B005F3H6Q8,6
Musical Instruments,B000XPRQIG,6
Musical Instruments,B000XPRSTI,6
Musical Instruments,B0011WHG5S,6
Musical Instruments,B0013V1BYY,6
Musical Instruments,B0018L46WS,6
Musical Instruments,B0018TC3I4,6
Musical Instruments,B0018TIAA4,6
Musical Instruments,B000OY4WA6,6
Musical Instruments,B001EC5ECW,6
Musical Instruments,B001EW5YQS,6
Musical Instruments,B001EZIEVW,6
Musical Instruments,B001FB5Z44,6
Musical Instruments,B001FB5Z8K,6
Musical Instruments,B001GGYF4E,6
Musical Instruments,B001HNE622,6
Musical Instruments,B001I1PWTY,6
Musical Instruments,B005VLR6XC,6
Musical Instruments,B001I8ITQA,6
Musical Instruments,B001J1JRN0,6
Musical Instruments,B001LNN30E,6
Musical Instruments,B001M59AS0,6
Musical Instruments,B001PGXJGU,6
Musical Instruments,B001UJEKZ6,6
Musical Instruments,B006H5119Q,6
Musical Instruments,B006Y2FUW6,6
Musical Instruments,B001XJBWXG,6
Musical Instruments,B0073XCZ3C,6
Musical Instruments,B0078YF9V6,6
Musical Instruments,B002C741B8,6
Musical Instruments,B002DC8OE2,6
Musical Instruments,B002HJ61PK,6
Musical Instruments,B007IHYBV2,6
Musical Instruments,B002IC1D5E,6
Musical Instruments,B002IJK0H4,6
Musical Instruments,B002N4GBLI,6
Musical Instruments,B002PMHAVS,6
Musical Instruments,B002RLLD88,6
Musical Instruments,B00315D0E4,6
Musical Instruments,B0033PSLSM,6
Musical Instruments,B0035LCFRW,6
Musical Instruments,B0002D0HY4,6
Musical Instruments,B008277N80,6
Musical Instruments,B0002D0PB4,6
Musical Instruments,B008AOH1O6,6
Musical Instruments,B0002DUPZK,6
Musical Instruments,B0002DUPZU,6
Musical Instruments,B0002E2EOE,6
Musical Instruments,B0002E2TTO,6
Musical Instruments,B0002E37G8,6
Musical Instruments,B0002E3830,6
Musical Instruments,B008O0RKVA,6
Musical Instruments,B0002E4Z8M,6
Musical Instruments,B0002E528E,6
Musical Instruments,B0002E54FK,6
Musical Instruments,B003FW0IHA,6
Musical Instruments,B0002F52EW,6
Musical Instruments,B0002F6RSM,6
Musical Instruments,B00AK7SKL4,6
Musical Instruments,B003KQY8DQ,6
Musical Instruments,B0002GJ3ZA,6
Musical Instruments,B00B1N06PO,6
Musical Instruments,B00BG6ZM0K,6
Musical Instruments,B00BHK2UHI,6
Musical Instruments,B003LZ2IT2,6
Musical Instruments,B0002GYYDQ,6
Musical Instruments,B00BLQTZDA,6
Musical Instruments,B00BTGMI5O,6
Musical Instruments,B0002H03YY,6
Musical Instruments,B0002H0KG0,6
Musical Instruments,B00CFMWBLC,6
Musical Instruments,B003S3S0DU,6
Musical Instruments,B0002KZHQA,6
Musical Instruments,B00H02C9TG,6
Musical Instruments,B0002M72JS,6
Musical Instruments,B0002OS9FC,6
Musical Instruments,B0002PBS5Y,6
Musical Instruments,B00062GRXQ,6
Musical Instruments,B000068O59,6
Musical Instruments,B00009W40G,6
Musical Instruments,B0002CZV7I,6
Musical Instruments,B0002CZVW8,6
Musical Instruments,B0002CZV78,6
Musical Instruments,B0002D02IU,6
Musical Instruments,B00009W40D,6
Musical Instruments,B0002CZR3G,6
Musical Instruments,B00004Y2UT,6
Musical Instruments,B00005ML71,5
Musical Instruments,B000068NTU,5
Musical Instruments,B000068NZG,5
Musical Instruments,1384719342,5
Musical Instruments,B0002CZVZK,5
Musical Instruments,B0000AQRSR,5
Musical Instruments,B0002D01IG,5
Musical Instruments,B0002CZVB4,5
Musical Instruments,B0002D070I,5
Musical Instruments,B000NE4UN6,5
Musical Instruments,B000N4WHYK,5
Musical Instruments,B003YVRGN6,5
Musical Instruments,B000MWWT6E,5
Musical Instruments,B000MO2QJM,5
Musical Instruments,B0041T53KI,5
Musical Instruments,B000MFK1ZW,5
Musical Instruments,B0042F1L4S,5
Musical Instruments,B0043RZ9QQ,5
Musical Instruments,B000LPUV8K,5
Musical Instruments,B00466HLXI,5
Musical Instruments,B000LAT0AK,5
Musical Instruments,B000L3FPUG,5
Musical Instruments,B001E3BSKS,5
Musical Instruments,B004BZU4OW,5
Musical Instruments,B004FEBS8K,5
Musical Instruments,B000KY156E,5
Musical Instruments,B004FODY6E,5
Musical Instruments,B000J5Y282,5
Musical Instruments,B000J3L02U,5
Musical Instruments,B004GYM7IE,5
Musical Instruments,B001FQ74FW,5
Musical Instruments,B000EXIMFI,5
Musical Instruments,B004HJ9COU,5
Musical Instruments,B000EPVXWU,5
Musical Instruments,B000EEL50Q,5
Musical Instruments,B004ISLGKS,5
Musical Instruments,B000EEJJ5Y,5
Musical Instruments,B000EEJE4K,5
Musical Instruments,B000EEHN9S,5
Musical Instruments,B0026KEGLQ,5
Musical Instruments,B000EEHD4I,5
Musical Instruments,B004MM6RWM,5
Musical Instruments,B004MNTIL8,5
Musical Instruments,B000EEHCUS,5
Musical Instruments,B000CZ0RLU,5
Musical Instruments,B000CHJTG2,5
Musical Instruments,B004OK1G64,5
Musical Instruments,B000CBXZXG,5
Musical Instruments,B004PFWYL4,5
Musical Instruments,B004PFWZHM,5
Musical Instruments,B002B8EWVW,5
Musical Instruments,B002C4SM5W,5
Musical Instruments,B0018PZR86,5
Musical Instruments,B000CBE3GE,5
Musical Instruments,B002CMLPYY,5
Musical Instruments,B0017HZ47Y,5
Musical Instruments,B000A6GTDG,5
Musical Instruments,B000A1HU1G,5
Musical Instruments,B002EWV8NA,5
Musical Instruments,B0009RHAT8,5
Musical Instruments,B0009IEB0I,5
Musical Instruments,B0009FUUO2,5
Musical Instruments,B0007WQZGY,5
Musical Instruments,B0007WPCKE,5
Musical Instruments,B002HFC6P8,5
Musical Instruments,B0050CEEIW,5
Musical Instruments,B00135HFK4,5
Musical Instruments,B0052FU602,5
Musical Instruments,B00074WFO8,5
Musical Instruments,B001E3SFKO,5
Musical Instruments,B0010KCP98,5
Musical Instruments,B00074B67A,5
Musical Instruments,B002M8EEW8,5
Musical Instruments,B002M8GBDI,5
Musical Instruments,B002MWKOAA,5
Musical Instruments,B0010CHS8E,5
Musical Instruments,B0006ZXFZQ,5
Musical Instruments,B005DVF15A,5
Musical Instruments,B005E0CPNG,5
Musical Instruments,B002PAW6EG,5
Musical Instruments,B001E43SK0,5
Musical Instruments,B0006IQNCK,5
Musical Instruments,B002Q0WT6U,5
Musical Instruments,B0002OP7VQ,5
Musical Instruments,B005FKF3N4,5
Musical Instruments,B005GZ86ZA,5
Musical Instruments,B0002MJTZ8,5
Musical Instruments,B005IGFGWI,5
Musical Instruments,B005IVUWDG,5
Musical Instruments,B0002H0SKS,5
Musical Instruments,B005J9FS0Y,5
Musical Instruments,B0002GZQ1U,5
Musical Instruments,B001C9R5P6,5
Musical Instruments,B0002GZBO2,5
Musical Instruments,B005M0MUQK,5
Musical Instruments,B0002GXRF2,5
Musical Instruments,B001C74GLY,5
Musical Instruments,B0002GOK08,5
Musical Instruments,B002Z9JWZ8,5
Musical Instruments,B0002GJ3E6,5
Musical Instruments,B0018TIAL8,5
Musical Instruments,B0002GIW3Y,5
Musical Instruments,B0002E3MRW,5
Musical Instruments,B005TO9EPY,5
Musical Instruments,B000Y7Q2C4,5
Musical Instruments,B00352MHGA,5
Musical Instruments,B005VM5Z5C,5
Musical Instruments,B001ELP5WM,5
Musical Instruments,B0002E3A8S,5
Musical Instruments,B0064BFNME,5
Musical Instruments,B0002E382Q,5
Musical Instruments,B0002E37MM,5
Musical Instruments,B0002E2VXS,5
Musical Instruments,B0002E2G2O,5
Musical Instruments,B006X0UCKY,5
Musical Instruments,B006X735PQ,5
Musical Instruments,B0002E2G24,5
Musical Instruments,B0002E1OVS,5
Musical Instruments,B0073XCYO2,5
Musical Instruments,B0002E1O90,5
Musical Instruments,B0002E1NQE,5
Musical Instruments,B0002E1NNC,5
Musical Instruments,B0002DVBJY,5
Musical Instruments,B0038MTH8S,5
Musical Instruments,B0038O9NLM,5
Musical Instruments,B0002DUS8E,5
Musical Instruments,B007K3EGWI,5
Musical Instruments,B0002DUQ04,5
Musical Instruments,B0002D0MFI,5
Musical Instruments,B003AM913C,5
Musical Instruments,B003AYC1SM,5
Musical Instruments,B0002D0LM2,5
Musical Instruments,B003AYJU5O,5
Musical Instruments,B000Y60NFC,5
Musical Instruments,B007TGWQZ0,5
Musical Instruments,B007XH9432,5
Musical Instruments,B003AYNFRS,5
Musical Instruments,B000WYCS7M,5
Musical Instruments,B003AYPT8G,5
Musical Instruments,B000V8GA46,5
Musical Instruments,B001KD2CPC,5
Musical Instruments,B000UMFQHA,5
Musical Instruments,B001L8IJ0I,5
Musical Instruments,B001L8IKLG,5
Musical Instruments,B001L8KE06,5
Musical Instruments,B003CLIPHO,5
Musical Instruments,B000TGHVGQ,5
Musical Instruments,B008TNAG4A,5
Musical Instruments,B00923G9Q0,5
Musical Instruments,B000T9NKEU,5
Musical Instruments,B0098DFNY8,5
Musical Instruments,B009AS1FLG,5
Musical Instruments,B009E3EWPI,5
Musical Instruments,B009EOKTCM,5
Musical Instruments,B009GT0KNI,5
Musical Instruments,B000SZVYLQ,5
Musical Instruments,B009MDMQJ4,5
Musical Instruments,B009MIBIWK,5
Musical Instruments,B003FVB7XA,5
Musical Instruments,B009S814U0,5
Musical Instruments,B000SL0NCQ,5
Musical Instruments,B001CJ2QZU,5
Musical Instruments,B003HGFRO8,5
Musical Instruments,B00AHEWBM4,5
Musical Instruments,B0002D0C1C,5
Musical Instruments,B001BY4RQM,5
Musical Instruments,B003KJ0ZD0,5
Musical Instruments,B000S5V510,5
Musical Instruments,B00B5LDMH6,5
Musical Instruments,B00B5OY8EE,5
Musical Instruments,B00B9060X6,5
Musical Instruments,B000RWJQRE,5
Musical Instruments,B00BHJNC4E,5
Musical Instruments,B001NXDSK2,5
Musical Instruments,B000RW0O02,5
Musical Instruments,B000RVYPQ2,5
Musical Instruments,B0002GWXKC,5
Musical Instruments,B00BLQ7M4E,5
Musical Instruments,B001PGXHW6,5
Musical Instruments,B003PC2XQE,5
Musical Instruments,B003QTM9O2,5
Musical Instruments,B00C5B20QE,5
Musical Instruments,B000RN53LQ,5
Musical Instruments,B001PGXHYO,5
Musical Instruments,B00CK2FOZM,5
Musical Instruments,B00E0EXYMS,5
Musical Instruments,B00EIMZG46,5
Musical Instruments,B00EPWAQS0,5
Musical Instruments,B00EQDITGO,5
Musical Instruments,B00F2PKRJW,5
Musical Instruments,B001PGXIHK,5
Musical Instruments,B0019H6750,5
Musical Instruments,B000RKAFIU,5
Musical Instruments,B000Q87DAQ,5
Musical Instruments,B000PR3JEM,5
Musical Instruments,B000P5RVRU,5
Musical Instruments,B000P5NXWM,5
Toys and Games,B004S8F7QM,309
Toys and Games,B0089RPUHO,253
Toys and Games,B0039S7NO6,215
Toys and Games,B001W30D2O,207
Toys and Games,B002NPBT50,196
Toys and Games,B000LSZVKA,194
Toys and Games,B000N5QNSK,192
Toys and Games,B000W3XEQM,191
Toys and Games,B00DMC6KAC,184
Toys and Games,B000ETRENI,170
Toys and Games,B0002AUWKG,168
Toys and Games,B00008BFZH,166
Toys and Games,0975277324,160
Toys and Games,B000284ZNI,154
Toys and Games,B000096QNK,151
Toys and Games,B00000JIVS,150
Toys and Games,B000GUEXBG,148
Toys and Games,B003AIM52A,147
Toys and Games,B003JQT4Y0,147
Toys and Games,B00000K3BR,146
Toys and Games,8499000606,145
Toys and Games,B000NO9GT4,138
Toys and Games,B005XVCR48,138
Toys and Games,B007U7M0WM,133
Toys and Games,B004Z7H14M,132
Toys and Games,B003EIK136,131
Toys and Games,B001BKX0V4,130
Toys and Games,B00CP4J7OY,130
Toys and Games,B005JFNE8G,127
Toys and Games,B0075XNGGK,127
Toys and Games,B001IEYXAA,125
Toys and Games,B000FK3WDC,125
Toys and Games,B0006O8Q7Y,124
Toys and Games,B000641DPQ,124
Toys and Games,B00006408Q,124
Toys and Games,B00000IZOU,123
Toys and Games,B00486ZVC4,123
Toys and Games,B001W2WKS0,122
Toys and Games,B0015KVAEE,122
Toys and Games,B004Z7H07K,122
Toys and Games,B004560BPY,120
Toys and Games,B00112CHCK,120
Toys and Games,B004A8ZRBA,119
Toys and Games,B000GKD09C,118
Toys and Games,B000NVBE1A,118
Toys and Games,B0015AM26E,117
Toys and Games,1933054395,117
Toys and Games,B002DHC6FA,116
Toys and Games,0976990709,115
Toys and Games,B000EUHKUE,114
Toys and Games,B0007Y4DLG,112
Toys and Games,B00007G39I,112
Toys and Games,B003D7F4YY,111
Toys and Games,B002B555QQ,111
Toys and Games,B001543YEY,109
Toys and Games,B008JNPBYK,109
Toys and Games,B0077NCEWA,108
Toys and Games,B000BNCA4K,108
Toys and Games,B00DPK11ZA,108
Toys and Games,B002V3RCE6,107
Toys and Games,B000GKATU0,107
Toys and Games,B000284X6W,105
Toys and Games,B000AM2K56,105
Toys and Games,B00000ISC5,105
Toys and Games,B0037UT3E4,104
Toys and Games,B000EUKRY0,103
Toys and Games,B00146K0I6,102
Toys and Games,B004PBN9BC,102
Toys and Games,B0001X0DR6,102
Toys and Games,B00008W72D,101
Toys and Games,B001EB9F3C,101
Toys and Games,B005E7A202,100
Toys and Games,B00068Q7LC,99
Toys and Games,B001D0C70C,99
Toys and Games,B000IBPD76,98
Toys and Games,B001P06GX4,98
Toys and Games,B006O6FKDG,98
Toys and Games,B00804BCO6,98
Toys and Games,B000062XQ8,98
Toys and Games,B0000683A4,98
Toys and Games,B000LSZVJQ,97
Toys and Games,B0057MGKO6,97
Toys and Games,B007J3FBKU,96
Toys and Games,B00000IZQP,95
Toys and Games,B00CS1WD9A,95
Toys and Games,B000N178E2,95
Toys and Games,B000VO3GPG,94
Toys and Games,B0002UP0IA,94
Toys and Games,B0006N8X3M,93
Toys and Games,B00005YVRN,93
Toys and Games,B000231EX2,92
Toys and Games,B000UEL172,92
Toys and Games,B004Z7H2EQ,92
Toys and Games,B006O6F932,92
Toys and Games,B00F4WMAI4,91
Toys and Games,B002QNM8NQ,91
Toys and Games,B00CDGA6A8,90
Toys and Games,B00CI6J8KW,89
Toys and Games,B0001AEZTG,89
Toys and Games,B005E7A216,89
Toys and Games,B000KWJSKG,88
Toys and Games,B004U52VPS,87
Toys and Games,B00B3YT030,87
Toys and Games,B002SXMH3K,87
Toys and Games,B008KCQRPW,85
Toys and Games,B001JQY6K4,84
Toys and Games,B00CDGA69Y,84
Toys and Games,B00BPRLGSW,84
Toys and Games,B00009XNSY,84
Toys and Games,B0038AJYSS,83
Toys and Games,B000JVJ8KS,83
Toys and Games,B000EQGT00,83
Toys and Games,B000NTZL7U,83
Toys and Games,B000KMHBFA,81
Toys and Games,B0015KVXW8,81
Toys and Games,B000DH333G,80
Toys and Games,B0000BX8MA,80
Toys and Games,B00004T2WP,80
Toys and Games,B00804BDE0,80
Toys and Games,B0039PUTZY,80
Toys and Games,B00D38UBJ6,80
Toys and Games,B000068CKY,79
Toys and Games,B002RL7VNY,79
Toys and Games,B0027CS7BI,79
Toys and Games,B003O85K2S,79
Toys and Games,B004MWJLHK,79
Toys and Games,B00804BEB2,79
Toys and Games,B00146G71U,78
Toys and Games,B0015KOOHO,78
Toys and Games,B000FGCY8K,77
Toys and Games,B001B2TZV6,77
Toys and Games,B0038APBDA,77
Toys and Games,B004ORWWP6,77
Toys and Games,B003U0O3B4,77
Toys and Games,B00005BAHT,77
Toys and Games,B0009XBY3A,77
Toys and Games,B004NCEL4M,76
Toys and Games,B00349MPQQ,76
Toys and Games,B004ORV2WK,75
Toys and Games,B007PVHMCG,75
Toys and Games,B00CRZXV2A,75
Toys and Games,B0008GMGZ8,75
Toys and Games,B00000JS5S,75
Toys and Games,B000A88KOA,75
Toys and Games,B000SQTJJO,75
Toys and Games,B001RPWM7Q,75
Toys and Games,B007EA4UBY,74
Toys and Games,B0043KJW5M,74
Toys and Games,B000090W81,74
Toys and Games,B0000658L4,74
Toys and Games,B00006JZCG,73
Toys and Games,B004P9591C,73
Toys and Games,B00804BDBI,73
Toys and Games,B009T45XDW,73
Toys and Games,B00C6BWA8Q,73
Toys and Games,B00000IWGQ,72
Toys and Games,073533417X,72
Toys and Games,B00134PM7I,72
Toys and Games,B00428LJ06,72
Toys and Games,B003CRJU36,72
Toys and Games,B00000DMD2,71
Toys and Games,B00804BDEU,71
Toys and Games,B007EA6PKS,71
Toys and Games,B007J3F9W0,71
Toys and Games,B0084BPZES,71
Toys and Games,B005C3F3SY,70
Toys and Games,B002JSM3KQ,70
Toys and Games,B00CCIKII2,70
Toys and Games,B00005KBVD,70
Toys and Games,B00005BHK7,70
Toys and Games,B000BN8Y8G,70
Toys and Games,B000MRGWRQ,69
Toys and Games,B00428LJ0Q,69
Toys and Games,B004R1ZUNA,69
Toys and Games,B00020V59S,69
Toys and Games,B00F3TKLRA,69
Toys and Games,B0045UBG6I,68
Toys and Games,B0044T2KBU,68
Toys and Games,B0012GV1HM,68
Toys and Games,B004U5R5BI,68
Toys and Games,B004OS8J98,67
Toys and Games,B004ORV2O8,67
Toys and Games,B00BRI99SS,67
Toys and Games,B00F9F6OVK,67
Toys and Games,B00CG0CKVE,67
Toys and Games,B001447IX8,67
Toys and Games,B00005N9EE,67
Toys and Games,B000088UPW,67
Toys and Games,1932188126,67
Toys and Games,B004KZ8P2Q,66
Toys and Games,B000M3QJPU,66
Toys and Games,B001NQHN7S,66
Toys and Games,B00CRZXSGE,66
Toys and Games,B009PLLF9K,66
Toys and Games,B00DPK11XM,65
Toys and Games,B009F7OXCA,65
Toys and Games,B00009YEGL,65
Toys and Games,B000NV9G88,65
Toys and Games,B000VWQ6C8,65
Toys and Games,B002BY2BVE,65
Toys and Games,B0045H0L1W,64
Toys and Games,B001W9AM1K,64
Toys and Games,B000M5J7W0,64
Toys and Games,B00006JZCS,64
Toys and Games,B00005NQE8,63
Toys and Games,B00E1EFHBI,63
Toys and Games,B00CNNPPV6,63
Toys and Games,B00FAQVY5E,63
Toys and Games,B00B28IQ50,63
Toys and Games,B00BQYQY8Q,63
Toys and Games,B00BN6QAVI,63
Toys and Games,B00E18S0J0,63
Toys and Games,B00804BDCM,63
Toys and Games,B004PBLP5O,63
Toys and Games,B008B68IE0,63
Toys and Games,B008LQXR82,63
Toys and Games,B00859GJWQ,63
Toys and Games,B007XVYSYI,63
Toys and Games,B0089RPUHE,62
Toys and Games,B009Q3JBCK,62
Toys and Games,B000197NXM,62
Toys and Games,B001Q3KU9Q,62
Toys and Games,B000OEUUG6,62
Toys and Games,B002XB04XW,62
Toys and Games,B004ORT3OY,62
Toys and Games,B004H1V5S4,61
Toys and Games,B00BRCNAE8,61
Toys and Games,B00ARQW1E0,61
Toys and Games,B00AHAJBQM,61
Toys and Games,B00CI6JDO8,61
Toys and Games,B009Q3J99A,61
Toys and Games,B000TK8440,61
Toys and Games,B001TR0742,61
Toys and Games,B001R6W4KA,61
Toys and Games,B00005O63Q,61
Toys and Games,B00005BZKD,61
Toys and Games,B000058A39,60
Toys and Games,B00005RF5C,60
Toys and Games,B004083ELK,60
Toys and Games,B0037UP9MY,60
Toys and Games,B008MJ62PI,60
Toys and Games,B004S6A1QK,60
Toys and Games,B001PGTNK6,60
Toys and Games,B000CBSNRY,60
Toys and Games,B00BU3ZLJQ,60
Toys and Games,B00BQYR110,60
Toys and Games,B00AHAJGXK,59
Toys and Games,B00CG0CL1S,59
Toys and Games,B00BG8F0IW,59
Toys and Games,B0039X2Y1I,59
Toys and Games,B0037Z8DEK,59
Toys and Games,B00000IWIT,59
Toys and Games,B0002F7KUG,59
Toys and Games,B00000DMF5,59
Toys and Games,B000VO3GME,59
Toys and Games,B007J3F98O,59
Toys and Games,B0053FXGE4,58
Toys and Games,B003IKMR0U,58
Toys and Games,B004MWJLFC,58
Toys and Games,B00CI6J20S,58
Toys and Games,B000IZ9N78,58
Toys and Games,B00000IZEM,58
Toys and Games,B00000DMER,58
Toys and Games,B0002SC7CE,58
Toys and Games,B00005BHK9,58
Toys and Games,B00000J58X,57
Toys and Games,B000096R0P,57
Toys and Games,B00005RF5G,57
Toys and Games,B000BTNQUQ,57
Toys and Games,B00CI6JDIO,57
Toys and Games,B00B28GVLG,57
Toys and Games,B00CG0CKXW,57
Toys and Games,B00CI6J8L6,56
Toys and Games,B00C6Q1Z6E,56
Toys and Games,B008B68IC2,56
Toys and Games,B0060JVSTW,56
Toys and Games,B008OW9SLI,56
Toys and Games,B007HZ9PZ2,56
Toys and Games,B0010XAJI4,56
Toys and Games,B000LT1D56,56
Toys and Games,B000SONEQA,55
Toys and Games,B0019I8OOQ,55
Toys and Games,B000FAB7I4,55
Toys and Games,B00CRZXUZI,55
Toys and Games,B00CDGA68U,55
Toys and Games,B00DLUE8DQ,55
Toys and Games,B00C6PYGJ8,55
Toys and Games,B004H1V5RU,55
Toys and Games,B004DJ51WQ,55
Toys and Games,B003WFKOSS,55
Toys and Games,B004C7QNMG,55
Toys and Games,B007J3F9V6,55
Toys and Games,B00592BOAO,55
Toys and Games,B00004UBH3,55
Toys and Games,B00005JS7E,54
Toys and Games,B000809OAO,54
Toys and Games,B00CXVNXEO,54
Toys and Games,B00DPK10O2,54
Toys and Games,B00B2AYLYS,54
Toys and Games,B00A8UT558,54
Toys and Games,B000E9DPCW,54
Toys and Games,B000GL1DTA,54
Toys and Games,B004S2M414,54
Toys and Games,B004Z3MLLY,54
Toys and Games,B007U7LZOG,54
Toys and Games,B0037W5Y2W,54
Toys and Games,B00388C3C4,54
Toys and Games,B004C7S70W,54
Toys and Games,B0037V0Q62,53
Toys and Games,B00CI6J6UY,53
Toys and Games,B00D9LWJTC,53
Toys and Games,B00BQYQYKY,53
Toys and Games,B00CEUMJ62,53
Toys and Games,B00A8UT562,53
Toys and Games,B00CI6J5JQ,53
Toys and Games,B00000IV35,53
Toys and Games,B005688T5E,53
Toys and Games,B000ICNZR0,53
Toys and Games,B001617RW6,53
Toys and Games,B0013OBXG2,53
Toys and Games,B000GD3S4G,52
Toys and Games,B000OC2W50,52
Toys and Games,B0024H7OF6,52
Toys and Games,B00FNM35A2,52
Toys and Games,B009VE38CI,52
Toys and Games,B003UNWV60,52
Toys and Games,B003621UT4,52
Toys and Games,B002IUFSPM,52
Toys and Games,B004813L0S,52
Toys and Games,B00439BG98,52
Toys and Games,B004WNIT3G,52
Toys and Games,B0088LQZOI,52
Toys and Games,B00022F0WE,52
Toys and Games,B000AM03TQ,52
Toys and Games,B00000IZOR,51
Toys and Games,B0006PKZBI,51
Toys and Games,B00005UNAX,51
Toys and Games,B00004W3Y4,51
Toys and Games,B00004TZY8,51
Toys and Games,B0002CYTXK,51
Toys and Games,B00BD9BXBM,51
Toys and Games,B00AWNUHB2,51
Toys and Games,B00BR3EMSA,51
Toys and Games,B009Q3JECW,51
Toys and Games,B000O7ISY4,51
Toys and Games,B000E9DPVI,51
Toys and Games,B0083TXWXC,51
Toys and Games,B007XVYSZW,51
Toys and Games,B007XPLI56,51
Toys and Games,B007XVYPS2,51
Toys and Games,B0070A9OUA,51
Toys and Games,B005GOPU2S,51
Toys and Games,B002LK0MFK,51
Toys and Games,B00421AGOS,51
Toys and Games,B002UD8P4S,51
Toys and Games,B002SQBB3O,51
Toys and Games,B0030F67N6,50
Toys and Games,B0042MAKAW,50
Toys and Games,B002RL7VNO,50
Toys and Games,B00CKH9NS6,50
Toys and Games,B00CRZXS82,50
Toys and Games,B00ARQW0YG,50
Toys and Games,B00AGJ4HC2,50
Toys and Games,B00ARQW1C2,50
Toys and Games,B00ARSDZIE,50
Toys and Games,B0007Q1IO4,50
Toys and Games,B00000IV34,50
Toys and Games,B0001YNLLK,50
Toys and Games,B004U7JJWE,50
Toys and Games,B007HZ9S7C,50
Toys and Games,B008DFT6OA,50
Toys and Games,B00146LV5C,50
Toys and Games,B000BURAP2,50
Toys and Games,B000REP3E2,50
Toys and Games,B00146G706,49
Toys and Games,B00A2HD40E,49
Toys and Games,B00C81LYH2,49
Toys and Games,B00BIDJP2W,49
Toys and Games,B00AWNUHA8,49
Toys and Games,B0042T8GR4,49
Toys and Games,B0043BYOO0,49
Toys and Games,B007XPLI38,49
Toys and Games,B006ROJJE6,49
Toys and Games,B008FD8ETS,49
Toys and Games,B0000859QK,49
Toys and Games,B00005BHK3,49
Toys and Games,B00000DMFN,49
Toys and Games,B00005UM9P,49
Toys and Games,B00000IVZJ,48
Toys and Games,B000ARW60U,48
Toys and Games,B00BY8095I,48
Toys and Games,B00BG8F0H8,48
Toys and Games,B00AJE1CY0,48
Toys and Games,B00B3U7SMO,48
Toys and Games,B00BN6QAXQ,48
Toys and Games,B00DQC2FPM,48
Toys and Games,B00BN6QAWM,48
Toys and Games,B00BRCN9TO,48
Toys and Games,B000I8SMZE,48
Toys and Games,B000NKH0E6,48
Toys and Games,B000GKE2N0,48
Toys and Games,B007G3VBOI,48
Toys and Games,B006ROJI38,48
Toys and Games,B005VPRDAY,48
Toys and Games,B007J3F9VG,48
Toys and Games,B006ROJLT4,48
Toys and Games,B00499CVBE,48
Toys and Games,B002OSY2SC,48
Toys and Games,B0038AT564,48
Toys and Games,B0039MIPQC,47
Toys and Games,B003WMC6U0,47
Toys and Games,B003DSIBVQ,47
Toys and Games,B004O0TOX6,47
Toys and Games,B00421AGHA,47
Toys and Games,B00AOHDC6I,47
Toys and Games,B00CKH9QWO,47
Toys and Games,B00C6PV4QQ,47
Toys and Games,B00EAHY1QS,47
Toys and Games,B00CI6JDIY,47
Toys and Games,B00DPK11Y6,47
Toys and Games,B00CKH9FAC,47
Toys and Games,B00GSXJIMO,47
Toys and Games,B00ARQW0LY,47
Toys and Games,B00CMNX8WA,47
Toys and Games,B000084JMC,47
Toys and Games,B00004YO0Y,47
Toys and Games,B0006IRTU0,47
Toys and Games,B0077NCEX4,47
Toys and Games,B005KIQE16,47
Toys and Games,B006O6EIC0,47
Toys and Games,B005LB9EUA,47
Toys and Games,B001R6AFLK,47
Toys and Games,B000BCEJ86,47
Toys and Games,B0014411SG,47
Toys and Games,B000N40SDC,47
Toys and Games,B000YFSZU8,46
Toys and Games,B000KIJCYC,46
Toys and Games,B0015399MG,46
Toys and Games,B00A88DRYU,46
Toys and Games,B00C6PWHB2,46
Toys and Games,B00FHB2XB6,46
Toys and Games,B00CI6J3I4,46
Toys and Games,B00BQYR0P2,46
Toys and Games,B00BD9AIUE,46
Toys and Games,B00BBLI5CC,46
Toys and Games,B00C6PXLMQ,46
Toys and Games,B00CMNX2IA,46
Toys and Games,B004781SW0,46
Toys and Games,B002L3TS5M,46
Toys and Games,B006ROJJ2I,46
Toys and Games,B006O6ES02,46
Toys and Games,B0057QY0Z8,46
Toys and Games,B007J3FAJ2,46
Toys and Games,B008D9MT68,46
Toys and Games,B0083TXWMI,46
Toys and Games,B007RM5CO8,46
Toys and Games,B007G84MNK,46
Toys and Games,B00008URUS,46
Toys and Games,B00005RF5D,46
Toys and Games,B00012O42W,45
Toys and Games,B00021Z2FU,45
Toys and Games,B00C6Q5S44,45
Toys and Games,B00B2HH10M,45
Toys and Games,B00CKH9QTM,45
Toys and Games,B00H5HFERA,45
Toys and Games,B000TTPEXU,45
Toys and Games,B000EULX9I,45
Toys and Games,B001KCUC5U,45
Toys and Games,B000K8FYAS,45
Toys and Games,B00138UY6I,45
Toys and Games,B0015R6UXI,45
Toys and Games,B006ROJIUG,45
Toys and Games,B007KV67AE,45
Toys and Games,B005QZP964,45
Toys and Games,B004V3PS72,45
Toys and Games,B006ROJQRQ,45
Toys and Games,B006ROJQZS,45
Toys and Games,B006ROJQRG,45
Toys and Games,B008B68J2G,45
Toys and Games,B006P135EQ,45
Toys and Games,B004O0TOK4,45
Toys and Games,B00393I3IG,45
Toys and Games,B004KZ75JK,45
Toys and Games,B004FH9FF0,45
Toys and Games,B002F9NH7W,45
Toys and Games,B003WE8TRC,45
Toys and Games,B004KZCF0O,45
Toys and Games,B003TJALF8,44
Toys and Games,B0040GK7IU,44
Toys and Games,B003B1TI58,44
Toys and Games,B004KZ597A,44
Toys and Games,B004I8V716,44
Toys and Games,B004I8V6ZI,44
Toys and Games,B003AJ7PGA,44
Toys and Games,B00F6N0MGI,44
Toys and Games,B00C5XBAOA,44
Toys and Games,B008SJF6FO,44
Toys and Games,B00AAOJ142,44
Toys and Games,B0000658L5,44
Toys and Games,B00000DMCE,44
Toys and Games,B0009PAN1C,44
Toys and Games,B000A12YBW,44
Toys and Games,B000B8L48S,44
Toys and Games,B005AW85YG,44
Toys and Games,B005N57CNU,44
Toys and Games,B00875JE0C,44
Toys and Games,B007X93IZ0,44
Toys and Games,B004P98R66,44
Toys and Games,B006O6FMOI,44
Toys and Games,B005VPRF16,44
Toys and Games,B008KDZO8M,44
Toys and Games,B001U3Y5XE,44
Toys and Games,B001C7617Q,44
Toys and Games,B000QX3NYG,43
Toys and Games,B000NOU54O,43
Toys and Games,B001PGP34G,43
Toys and Games,B0018N5V3Y,43
Toys and Games,B00CJO90ZG,43
Toys and Games,B00CKH9WOQ,43
Toys and Games,B00BQYQYMW,43
Toys and Games,B00CKH9URU,43
Toys and Games,B00COEIFM0,43
Toys and Games,B0027CS7B8,43
Toys and Games,B004617DEU,43
Toys and Games,B004081EKS,43
Toys and Games,B00416LP4E,43
Toys and Games,B003774W6Q,43
Toys and Games,B006ROJIBA,43
Toys and Games,B0057QU1WY,43
Toys and Games,B006ROJI10,43
Toys and Games,B008L0HMIY,43
Toys and Games,B007X93L34,43
Toys and Games,B008LQXR8W,43
Toys and Games,B004UU9W78,43
Toys and Games,B007KJECSU,43
Toys and Games,B006OZJWY0,43
Toys and Games,B004UCBU6M,43
Toys and Games,B006WAJM1A,43
Toys and Games,B00004WJSN,43
Toys and Games,B00005AWB5,43
Toys and Games,B0009K6KEG,43
Toys and Games,B000066SW0,43
Toys and Games,B00000IV95,43
Toys and Games,B00007DWBV,43
Toys and Games,B000067NXE,42
Toys and Games,B0009P5YXO,42
Toys and Games,B0002HWFBS,42
Toys and Games,B00009ZKRO,42
Toys and Games,B0000AP6LD,42
Toys and Games,B00ARQW1DQ,42
Toys and Games,B00DECZ5AQ,42
Toys and Games,B00BQYQZZS,42
Toys and Games,B00EVTF3OO,42
Toys and Games,B00CANI9VM,42
Toys and Games,B009MDU3CG,42
Toys and Games,B00CJO8ZZW,42
Toys and Games,B00DLUE890,42
Toys and Games,B00DKCI1P6,42
Toys and Games,B00ARQW0M8,42
Toys and Games,B001HA9JOA,42
Toys and Games,B001613Q8A,42
Toys and Games,B000GL1HV4,42
Toys and Games,B000EULXA2,42
Toys and Games,B0012TTHPM,42
Toys and Games,B001OXRTX8,42
Toys and Games,B001W09LO8,42
Toys and Games,B001M2FNH0,42
Toys and Games,B000GIJ4Y4,42
Toys and Games,B005UWYK22,42
Toys and Games,B004UU9X5O,42
Toys and Games,B004S6DV2G,42
Toys and Games,B004Z1JUJ2,42
Toys and Games,B006ROJQTE,42
Toys and Games,B006ROJPD6,42
Toys and Games,B005N548KK,42
Toys and Games,B006ROJIAG,42
Toys and Games,B008N6US3W,42
Toys and Games,B008BM2LJ2,42
Toys and Games,B002AK5EUY,42
Toys and Games,B0032MYYBE,42
Toys and Games,B002KE5GPS,42
Toys and Games,B0037BMCFU,42
Toys and Games,B004478GGK,42
Toys and Games,B003WE34HC,42
Toys and Games,B004ORWVQG,42
Toys and Games,B004FEXUP4,42
Toys and Games,B00421AGGG,42
Toys and Games,B002NGOH1W,41
Toys and Games,B002SQW38Q,41
Toys and Games,B0049ACJVA,41
Toys and Games,B004OFJ7PG,41
Toys and Games,B0041G2YN0,41
Toys and Games,B00428LJ0G,41
Toys and Games,B00CTJOCKY,41
Toys and Games,B00C6PYQAM,41
Toys and Games,B00C58ICA0,41
Toys and Games,B00GTCKNYQ,41
Toys and Games,B00E7TKSWK,41
Toys and Games,B00BNQEVXM,41
Toys and Games,B00000ITOY,41
Toys and Games,B006OJM5OU,41
Toys and Games,B005H29GSI,41
Toys and Games,B005WYFLNU,41
Toys and Games,B007XVYN7U,41
Toys and Games,B006ROJM2U,41
Toys and Games,B004TAYRQ0,41
Toys and Games,B007B7LTVY,41
Toys and Games,B000BVMAJ2,41
Toys and Games,B00146I2WM,41
Toys and Games,B000EYF6TM,41
Toys and Games,B001DN8I0M,41
Toys and Games,B000EDQGLK,41
Toys and Games,B001VG7USC,41
Toys and Games,B001E6IQP0,41
Toys and Games,B001U5N786,41
Toys and Games,B001446E4W,41
Toys and Games,B00178LYI6,40
Toys and Games,B0014E7DIS,40
Toys and Games,B001BS1U90,40
Toys and Games,B000XDSWRC,40
Toys and Games,B00146K0K4,40
Toys and Games,B000N3VJ8Q,40
Toys and Games,B001R6ATXO,40
Toys and Games,B00CXLQIAU,40
Toys and Games,B00CKH9URK,40
Toys and Games,B00CKH9IIQ,40
Toys and Games,B00ARQW0N2,40
Toys and Games,B00CI6J3HA,40
Toys and Games,B00CKH9SEK,40
Toys and Games,B004I8V6Z8,40
Toys and Games,B00421AGOI,40
Toys and Games,B004O0TOJ0,40
Toys and Games,B00421AGJI,40
Toys and Games,B0038M8EQO,40
Toys and Games,B004I8V6ZS,40
Toys and Games,B004INGVH6,40
Toys and Games,B006RQ8ULC,40
Toys and Games,B006ROJI9W,40
Toys and Games,B004S6ECLU,40
Toys and Games,B0083TXW6E,40
Toys and Games,B006ROJJCS,40
Toys and Games,B008CL5Y6O,40
Toys and Games,B006CC0TQ0,40
Toys and Games,B008CO91JC,40
Toys and Games,B004U5FRQI,40
Toys and Games,B004TT6RD2,40
Toys and Games,B007X1835I,40
Toys and Games,B0088LQZYS,40
Toys and Games,B0050D1V2I,40
Toys and Games,B007SM3582,40
Toys and Games,B008CNPIAE,40
Toys and Games,B004P98QGC,40
Toys and Games,B00000GBQJ,40
Toys and Games,B000063KC8,40
Toys and Games,B0000AP6EP,40
Toys and Games,B00009KWTB,40
Toys and Games,B00004WHN9,40
Toys and Games,B00009XNSS,40
Toys and Games,B00000IWD7,40
Toys and Games,B00005UNAV,40
Toys and Games,0979959330,40
Toys and Games,B0007YDBLE,39
Toys and Games,B00005YVRP,39
Toys and Games,B0007LDHWK,39
Toys and Games,B00000DMFD,39
Toys and Games,B00ARWCFFO,39
Toys and Games,B00FBWFVK6,39
Toys and Games,B00AOHDC5Y,39
Toys and Games,B00DGQP3WU,39
Toys and Games,B008RU8GC4,39
Toys and Games,B00DECZ5D8,39
Toys and Games,B00A8UT58K,39
Toys and Games,B00CI6J1XG,39
Toys and Games,B000VO3HC8,39
Toys and Games,B001R674GE,39
Toys and Games,B0019665DK,39
Toys and Games,B001IEWX2A,39
Toys and Games,B000HGJJGI,39
Toys and Games,B000GBA60W,39
Toys and Games,B00253T7R2,39
Toys and Games,B007U7M0K4,39
Toys and Games,B008ACRPR6,39
Toys and Games,B0060FN7B8,39
Toys and Games,B006P135E6,39
Toys and Games,B008DS1M44,39
Toys and Games,B006ROJQR6,39
Toys and Games,B0085UA6YM,39
Toys and Games,B007XVYTNS,39
Toys and Games,B007X9DRWO,39
Toys and Games,B00859GJZS,39
Toys and Games,B006O6FJ0A,39
Toys and Games,B006O6FKG8,39
Toys and Games,B0038APD2E,39
Toys and Games,B0037UP9GU,39
Toys and Games,B002CSRZKQ,39
Toys and Games,B00385QUTO,38
Toys and Games,B002S52VWU,38
Toys and Games,B002GJMOUC,38
Toys and Games,B00286H22S,38
Toys and Games,B004FPYL2O,38
Toys and Games,B003CRJU0Y,38
Toys and Games,B00FAQW0N4,38
Toys and Games,B00CFWWD6U,38
Toys and Games,B00AAPHZVW,38
Toys and Games,B00A8UT55I,38
Toys and Games,B00B1Z6EPS,38
Toys and Games,B00CJO902E,38
Toys and Games,B00A8UT56W,38
Toys and Games,B00008MIGQ,38
Toys and Games,B0002HWFV8,38
Toys and Games,B00008PW02,38
Toys and Games,B0006LCK9W,38
Toys and Games,B00005LOXV,38
Toys and Games,B00005BZM6,38
Toys and Games,B005NM4ECA,38
Toys and Games,B004UC4RVM,38
Toys and Games,B004UU9XG8,38
Toys and Games,B007GE75G0,38
Toys and Games,B004S65XDG,38
Toys and Games,B0054KBV4U,38
Toys and Games,B008AWFWA8,38
Toys and Games,B007XVYSDE,38
Toys and Games,B007UE75PW,38
Toys and Games,B006ROJIR4,38
Toys and Games,B007U7M0KY,38
Toys and Games,B007ADIGRE,38
Toys and Games,B004UU83IC,38
Toys and Games,B00146K0KE,38
Toys and Games,B001RNII58,38
Toys and Games,B00200JWQQ,38
Toys and Games,B000F8T026,38
Toys and Games,B00138RVKK,38
Toys and Games,B000GA90XC,38
Toys and Games,B000F676D8,38
Toys and Games,B000GR75SC,37
Toys and Games,B000G334Z4,37
Toys and Games,B001EO1T74,37
Toys and Games,B000GZGE3Q,37
Toys and Games,B000GIL2DU,37
Toys and Games,B00199LDRA,37
Toys and Games,B0015KU14O,37
Toys and Games,B00CKH9UQQ,37
Toys and Games,B00ATWSRG8,37
Toys and Games,B00F5Y4AH0,37
Toys and Games,B00A852MNK,37
Toys and Games,B00DPK120O,37
Toys and Games,B00BBLCYH4,37
Toys and Games,B00EAHXOWA,37
Toys and Games,B002743856,37
Toys and Games,B004N53IC0,37
Toys and Games,B00295WCJQ,37
Toys and Games,B002L6I9ZY,37
Toys and Games,B0031P85VC,37
Toys and Games,B004EEMAI8,37
Toys and Games,B003FHXMDC,37
Toys and Games,B004HKQI9G,37
Toys and Games,B004478GII,37
Toys and Games,B004VYYA2K,37
Toys and Games,B007Q0O9UY,37
Toys and Games,B00859GIQ8,37
Toys and Games,B004PBLSQ0,37
Toys and Games,B008B68IUY,37
Toys and Games,B008KGR356,37
Toys and Games,B0083TXY08,37
Toys and Games,B006O6EH4Y,37
Toys and Games,B006ROJIQU,37
Toys and Games,B008HYGFIC,37
Toys and Games,B007J3F98E,37
Toys and Games,B004U53AA8,37
Toys and Games,B006EFMSSM,37
Toys and Games,B00000J0HG,37
Toys and Games,B00000J0JF,37
Toys and Games,B0009PAMXQ,37
Toys and Games,0786959916,37
Toys and Games,B00006JZCR,37
Toys and Games,B00008URUT,37
Toys and Games,B00000IWDO,37
Toys and Games,B00004T58G,37
Toys and Games,B0009F4YR6,36
Toys and Games,B00007GCYP,36
Toys and Games,B000AS2AL4,36
Toys and Games,B0007WWZK4,36
Toys and Games,B00001ZWV7,36
Toys and Games,B00DR2VOJO,36
Toys and Games,B00FAQVY40,36
Toys and Games,B00CKH9QRE,36
Toys and Games,B00A8UT5TY,36
Toys and Games,B00C74I9P0,36
Toys and Games,B00F58N6KI,36
Toys and Games,B00F6N0G50,36
Toys and Games,B00FG1U7FQ,36
Toys and Games,B001RE8LMW,36
Toys and Games,B000ELSZW0,36
Toys and Games,B000S5URGO,36
Toys and Games,B001W1R0KE,36
Toys and Games,B001M04T0E,36
Toys and Games,B0015KEB2M,36
Toys and Games,B0015KSU9W,36
Toys and Games,B000FH18FY,36
Toys and Games,B007KV17O0,36
Toys and Games,B008DKA3XI,36
Toys and Games,B007RM5DTC,36
Toys and Games,B0083TXXZ4,36
Toys and Games,B0051MMFRS,36
Toys and Games,B004S6DWDY,36
Toys and Games,B004Z1JSN0,36
Toys and Games,B004UC4Q8Q,36
Toys and Games,B0077NCEXE,36
Toys and Games,B008IC29Z6,36
Toys and Games,B005HN70GM,36
Toys and Games,B008HA08QQ,36
Toys and Games,B002YIRKKY,36
Toys and Games,B003CRCQLO,36
Toys and Games,B003R1V90Y,36
Toys and Games,B004OJK5XA,36
Toys and Games,B003TPPXAU,36
Toys and Games,B0030HBVG2,36
Toys and Games,B004D3A9AG,36
Toys and Games,B002I0K3CK,36
Toys and Games,B004M2BINA,36
Toys and Games,B002ERB4O8,35
Toys and Games,B00462PTZ4,35
Toys and Games,B003AP4JPE,35
Toys and Games,B0033RVDVC,35
Toys and Games,B004JLNUZI,35
Toys and Games,B00C6PY8D2,35
Toys and Games,B00CM75VXA,35
Toys and Games,B00FAQVY4U,35
Toys and Games,B00CMQTVUA,35
Toys and Games,B00CEQ1HPK,35
Toys and Games,B00CKH9I1I,35
Toys and Games,B00EAHXPAG,35
Toys and Games,B00A88EP6Y,35
Toys and Games,1556344732,35
Toys and Games,B000099Z8H,35
Toys and Games,B00009XNSU,35
Toys and Games,B0000789TI,35
Toys and Games,B00000IWHG,35
Toys and Games,B00000IWIA,35
Toys and Games,B007AR24GE,35
Toys and Games,B004U53A7Q,35
Toys and Games,B004SGLDM6,35
Toys and Games,B007BSYAVY,35
Toys and Games,B005G2R3K2,35
Toys and Games,B00508OLNY,35
Toys and Games,B0057067SC,35
Toys and Games,B004UU7AEK,35
Toys and Games,B006HDF32Y,35
Toys and Games,B006ROJI06,35
Toys and Games,B007ADIC82,35
Toys and Games,B006ROJLFI,35
Toys and Games,B008DK94VU,35
Toys and Games,B008B68J1C,35
Toys and Games,B007XVYO3I,35
Toys and Games,B0086USOLS,35
Toys and Games,B004TGVNHA,35
Toys and Games,B008CNPHWI,35
Toys and Games,B000EK59H0,35
Toys and Games,B000NV6DRU,35
Toys and Games,B000LFUKCM,35
Toys and Games,B001JTDL1Q,35
Toys and Games,B000W7JWYG,35
Toys and Games,B000FS70QE,35
Toys and Games,B001PAHGJM,35
Toys and Games,B000FIN2E8,35
Toys and Games,B000GZCBFG,34
Toys and Games,B001US4DOK,34
Toys and Games,B00112CHD4,34
Toys and Games,B000RMZSYE,34
Toys and Games,B000NWTHUY,34
Toys and Games,B00160HTYI,34
Toys and Games,B000NVBE10,34
Toys and Games,B00153BFA0,34
Toys and Games,B000FSIJ0K,34
Toys and Games,B00FAQVVUC,34
Toys and Games,B00A88B16Q,34
Toys and Games,B00FAQW0MK,34
Toys and Games,B00ERK40NW,34
Toys and Games,B00FAQVY5O,34
Toys and Games,B00ERK27SC,34
Toys and Games,B00ATWUE1O,34
Toys and Games,B00CI6JDGQ,34
Toys and Games,B00BSWS650,34
Toys and Games,B00G6MWM1Q,34
Toys and Games,B00CJO9038,34
Toys and Games,B00BYD5JMG,34
Toys and Games,B009OLANMG,34
Toys and Games,B00A850UVG,34
Toys and Games,B00499CVB4,34
Toys and Games,B0039PUU08,34
Toys and Games,B002RNQUSY,34
Toys and Games,B002YIV0ZU,34
Toys and Games,B007J3FA8I,34
Toys and Games,B007LL7N4C,34
Toys and Games,B008EG7KSM,34
Toys and Games,B005ZCY36K,34
Toys and Games,B004P971VI,34
Toys and Games,B007U7M02C,34
Toys and Games,B004PS8LEA,34
Toys and Games,B004UU9WU0,34
Toys and Games,B008D9MT7W,34
Toys and Games,B0085UA9WQ,34
Toys and Games,B006BLH7U8,34
Toys and Games,B007EWHBLI,34
Toys and Games,B007ADIBXS,34
Toys and Games,B005VPRG3S,34
Toys and Games,B0050D1V6E,34
Toys and Games,B008AWFWXK,34
Toys and Games,B000067QC0,34
Toys and Games,B00005BW71,34
Toys and Games,1932855785,34
Toys and Games,B000A0IBV0,34
Toys and Games,B00006IJE6,34
Toys and Games,B00026ZEDK,34
Toys and Games,B000ARTT7S,33
Toys and Games,B0007R4J30,33
Toys and Games,B0009QXXB8,33
Toys and Games,B00008ZCEE,33
Toys and Games,B000096QJQ,33
Toys and Games,B0002HYD1S,33
Toys and Games,B00000JH3R,33
Toys and Games,B0002D0FDW,33
Toys and Games,B00CTJOGOG,33
Toys and Games,B00CU65FOI,33
Toys and Games,B00CJO8ZZM,33
Toys and Games,B00C6PRJ0G,33
Toys and Games,B00B99ET58,33
Toys and Games,B00BUM29XS,33
Toys and Games,B00C6PUQF6,33
Toys and Games,B00CKH9NTU,33
Toys and Games,B00BQYQYHC,33
Toys and Games,B00F6N0MB8,33
Toys and Games,B00C6Q7MJI,33
Toys and Games,B00CKH9SQS,33
Toys and Games,B00EY2706C,33
Toys and Games,B00C74HRSA,33
Toys and Games,B00C74I9V4,33
Toys and Games,B00E5P24DW,33
Toys and Games,B001LU6RL4,33
Toys and Games,B001UEWH9W,33
Toys and Games,B001356Q0O,33
Toys and Games,B000GL1DD6,33
Toys and Games,B004U5FW3Q,33
Toys and Games,B007N0KZ64,33
Toys and Games,B004S6EBE8,33
Toys and Games,B0053XZDGK,33
Toys and Games,B0050PJIPS,33
Toys and Games,B0058NTJSI,33
Toys and Games,B004P90PIO,33
Toys and Games,B007Q0OUTY,33
Toys and Games,B008B68J2Q,33
Toys and Games,B0085Y3MTO,33
Toys and Games,B00857SRSW,33
Toys and Games,B007GE6UBG,33
Toys and Games,B007XVYT2O,33
Toys and Games,B003ML36HI,33
Toys and Games,B0029ZAP40,33
Toys and Games,B003LPUCG8,33
Toys and Games,B003BAN3AU,33
Toys and Games,B004OA7ZH8,33
Toys and Games,B00393I2DM,33
Toys and Games,B0038ANO3O,33
Toys and Games,B00270D4HW,33
Toys and Games,B004MGMIRQ,33
Toys and Games,B002ZCYC6E,33
Toys and Games,B00421AGFW,32
Toys and Games,B003LPUCM2,32
Toys and Games,B0036WSVQ4,32
Toys and Games,B002YIRKBS,32
Toys and Games,B004N4XV1Y,32
Toys and Games,B002B555RU,32
Toys and Games,B0042RU0BQ,32
Toys and Games,B002EQ9V1M,32
Toys and Games,B009F7OQ54,32
Toys and Games,B00B2FNH8O,32
Toys and Games,B00F5Y4AKC,32
Toys and Games,B00CS0F0IM,32
Toys and Games,B00CRZXV16,32
Toys and Games,B00ARQW0Z0,32
Toys and Games,B00EDBYKOO,32
Toys and Games,B00ARQW0NM,32
Toys and Games,B00FBW4QTI,32
Toys and Games,B00C18BWYW,32
Toys and Games,B00FAQW0PC,32
Toys and Games,B00B4ECHJI,32
Toys and Games,B009AERWEE,32
Toys and Games,B009AD4ZJA,32
Toys and Games,B009TN9OW4,32
Toys and Games,B00ECV5KSU,32
Toys and Games,B0001NE4VC,32
Toys and Games,B0006H4AXU,32
Toys and Games,B00000IWDR,32
Toys and Games,B00008ZCEF,32
Toys and Games,B00004S7ZG,32
Toys and Games,B00009ILYC,32
Toys and Games,1616613769,32
Toys and Games,B00004YRPF,32
Toys and Games,B00005BHK6,32
Toys and Games,B00005OWEP,32
Toys and Games,B0085UA9VC,32
Video Games,B00BGA9WK2,802
Video Games,B0015AARJI,652
Video Games,B007CM0K86,517
Video Games,B002VBWIP6,465
Video Games,B0009VXBAQ,447
Video Games,B0050SYX8W,441
Video Games,B000B9RI14,425
Video Games,B00178630A,379
Video Games,B007XVTR3K,365
Video Games,B00005NZ1G,356
Video Games,B004EQCCI4,355
Video Games,B004HYK956,352
Video Games,B00503E8S2,344
Video Games,B00CMQTVK0,343
Video Games,B000UW21A0,333
Video Games,B00005TNI6,329
Video Games,B000FQ2D5E,325
Video Games,B003O6G5TW,312
Video Games,B003JVKHEQ,312
Video Games,B001JKTC9A,306
Video Games,B003ZSP0WW,303
Video Games,B004FYEZMQ,303
Video Games,B0050SXKU4,302
Video Games,B000FQ2DTA,295
Video Games,B0029LJIFG,290
Video Games,B004RMK4BC,289
Video Games,B000ZK9QCS,282
Video Games,B00BGA9YZK,278
Video Games,B0000696CZ,274
Video Games,B002BSA20M,268
Video Games,B004FS8LYK,262
Video Games,B00BGA9X9W,259
Video Games,B000OLXX86,257
Video Games,B00005O0I2,255
Video Games,B002I0H79C,255
Video Games,B000FRU0NU,253
Video Games,B000ZK7ZOE,250
Video Games,B0050SYILE,250
Video Games,B002BRZ9G0,249
Video Games,B00503E9FY,248
Video Games,B003JVCA9Q,248
Video Games,B002I0J82G,247
Video Games,B00008J7NZ,245
Video Games,B00269QLI8,244
Video Games,B00CMQTVUA,244
Video Games,B004HYK8Y8,244
Video Games,B007XVTR5S,244
Video Games,B001TORSII,241
Video Games,B00DB9JYFY,238
Video Games,B001SGZL2W,237
Video Games,B00000JRSB,236
Video Games,B000066TS5,235
Video Games,B002CZ38KA,233
Video Games,B000FO4KO8,231
Video Games,B000FRS9II,231
Video Games,B000XJNTNS,230
Video Games,B004RMK5QG,227
Video Games,B0050SYLRK,227
Video Games,B000FRU1UM,225
Video Games,B00005Q8M0,225
Video Games,B000ZKA0J6,224
Video Games,B000MKA60W,222
Video Games,B001SH7YMG,220
Video Games,B000ERVMI8,217
Video Games,B000HKP88C,217
Video Games,B000FKBCX4,215
Video Games,B000FQBF1M,214
Video Games,B003VUO6H4,210
Video Games,B000FQ9QVI,209
Video Games,B00004Y57G,209
Video Games,B002AB7TX8,206
Video Games,B0012N94WO,203
Video Games,B0000296O5,203
Video Games,B002BSA298,202
Video Games,B0050SXFKE,202
Video Games,B000FQ9R4E,201
Video Games,B001HWB68K,201
Video Games,B004HYIAPM,199
Video Games,B00DS0MQUQ,198
Video Games,B003O6E800,196
Video Games,B0053B5RGI,194
Video Games,B0050SXLQC,194
Video Games,B002I098JE,194
Video Games,B00BGAA29M,194
Video Games,B000084318,193
Video Games,B007FTE2VW,193
Video Games,B0050SYV70,191
Video Games,B000P46NMA,190
Video Games,B0009VXAM0,190
Video Games,B003O6EATE,189
Video Games,B002I0JGDM,187
Video Games,B00269QLH4,187
Video Games,B0002XL3BA,186
Video Games,B009AGXH64,186
Video Games,B0001VGFK2,184
Video Games,B00D4WTO1M,182
Video Games,B00BGAA0SU,181
Video Games,B002I092MM,181
Video Games,B002I0K6DG,181
Video Games,B002I0F5M8,179
Video Games,B004FSE52C,178
Video Games,B0050SYK44,176
Video Games,B002I0J4VQ,175
Video Games,B003O6JKLC,175
Video Games,B007A7UJ4S,174
Video Games,B000P46NMK,172
Video Games,B000X1TC0U,172
Video Games,B005EQE0YM,171
Video Games,B0053BCML6,170
Video Games,B00BMFIXOW,170
Video Games,B00006C2HA,169
Video Games,B000OYMYZQ,167
Video Games,B004NRN5EO,167
Video Games,B002NN7AKU,166
Video Games,B00005ML10,166
Video Games,B000VJRU44,166
Video Games,B0053BCO00,165
Video Games,B0050SXX88,165
Video Games,B000M17AVO,164
Video Games,B000JLIXIG,163
Video Games,B0050SYY5E,163
Video Games,B003O6EB70,163
Video Games,B00006IJJK,163
Video Games,B00DC7G2W8,161
Video Games,B007VTVRFA,161
Video Games,B002BSA1C6,160
Video Games,B000066JRN,159
Video Games,B001E8VB6O,159
Video Games,B000IMYKQ0,158
Video Games,B002I0J5UQ,157
Video Games,B002I0HBZW,156
Video Games,B000TG530M,156
Video Games,B00004YRQA,155
Video Games,B00008URUA,155
Video Games,B000KRXAGE,154
Video Games,B003O6E6NE,154
Video Games,B00BMFIXKQ,154
Video Games,B000UU3SVI,153
Video Games,B000B43OY4,152
Video Games,B003ZHMMEM,152
Video Games,B007TYC8MI,151
Video Games,B000A2R54M,150
Video Games,B00006I02Z,150
Video Games,B00005QEFF,150
Video Games,B000P46NKC,149
Video Games,B00269DXCK,148
Video Games,B000067FDW,148
Video Games,B00BMFIXT2,148
Video Games,B005C2D2MO,148
Video Games,B002I0K3CK,147
Video Games,B003L8DXOI,146
Video Games,B00000DMB3,146
Video Games,B001AWIP68,146
Video Games,B003C1I06U,145
Video Games,B002I0KOSI,144
Video Games,B0009I6S0O,144
Video Games,B007W8S2MG,142
Video Games,B006JKASCK,142
Video Games,B003O6CBIG,142
Video Games,B002BSC54I,141
Video Games,B000067DPM,141
Video Games,B0012N3T3Y,141
Video Games,B000HZFCT2,141
Video Games,B00DC7G0GG,140
Video Games,B0050SX7BQ,139
Video Games,B000F5IH2I,139
Video Games,B000X1PE16,139
Video Games,B00269QLJ2,138
Video Games,B001CWXAP2,138
Video Games,B000FRVAD4,138
Video Games,B0007TFLLC,138
Video Games,B002BSC4ZS,138
Video Games,B003O6E1JS,137
Video Games,B001KMRN0M,137
Video Games,B0088MVPFQ,136
Video Games,B00064MUIA,136
Video Games,B000FQBPCQ,135
Video Games,B002TLTBN0,135
Video Games,B00354NAYG,135
Video Games,B004PAGJOC,134
Video Games,B003ZSN600,134
Video Games,B0000C7GHG,134
Video Games,B00AKIPBNS,134
Video Games,B001B1W3GG,134
Video Games,B0010AYJXI,134
Video Games,B000ZK9QD2,134
Video Games,B000F3AADE,134
Video Games,B001NX6GBK,133
Video Games,B00GANWVJE,133
Video Games,B002BSA388,132
Video Games,B00000K2R4,132
Video Games,B001IVXI7C,132
Video Games,B0028IBTL6,131
Video Games,B002BRZ852,131
Video Games,B002I0J9M0,131
Video Games,B002I0J6DC,130
Video Games,B002ZJNWWC,129
Video Games,B002I0J51U,129
Video Games,B00140P9BA,129
Video Games,B0002A6CQ4,129
Video Games,B00005Q8LR,129
Video Games,B0009A4EVM,128
Video Games,B003L8HQ7S,128
Video Games,B002I0JAVK,128
Video Games,B0050SW8OS,127
Video Games,B002BSA3EM,127
Video Games,B0038TT8QM,127
Video Games,B0050SY4DG,127
Video Games,B0022TNO7I,127
Video Games,B0016BVYA2,126
Video Games,B000LFJNF2,126
Video Games,B0022TNO7S,126
Video Games,B0053BCP40,126
Video Games,B0006B0O9U,126
Video Games,B0000503MO,126
Video Games,B0000A1VER,125
Video Games,B003O6JIVE,125
Video Games,B000WMEEB2,125
Video Games,B0050SVNP8,124
Video Games,B002I096AA,124
Video Games,B0050SWVIQ,124
Video Games,B002I0J4NE,124
Video Games,B000TI836G,123
Video Games,B000K9OP2A,123
Video Games,B0016C3260,123
Video Games,B00004YRQ9,123
Video Games,B00CMQTUSS,123
Video Games,B00BI83EVU,122
Video Games,B000B69E9G,122
Video Games,B00006FWTX,122
Video Games,B0000657SP,122
Video Games,B000QY9C90,121
Video Games,B001TOQ8X4,120
Video Games,B0001UEHP8,120
Video Games,B0050SX9VO,120
Video Games,B007VFHGZ4,120
Video Games,B00EFFW0HC,120
Video Games,B00CMQTU74,119
Video Games,B007XYBUBE,119
Video Games,B003R7H5TC,119
Video Games,B000R0URCE,119
Video Games,B000IMWK2G,119
Video Games,B001IK1BWC,119
Video Games,B000UC5ML0,118
Video Games,B001COU9I6,118
Video Games,B001IK1BJ0,117
Video Games,B004NRN5DU,117
Video Games,B006JKARN0,117
Video Games,B00CXCCB64,117
Video Games,B00BGAA3S2,117
Video Games,B0044SA70M,116
Video Games,B00009WAUD,116
Video Games,B000B6MLSC,115
Video Games,B00005V6BB,115
Video Games,B002I0H2AG,115
Video Games,B003O6E3C8,115
Video Games,B004EVWYYG,115
Video Games,B001NIP3EG,115
Video Games,B000ZK6950,115
Video Games,B001AWBYNE,115
Video Games,B001VJ4DHK,114
Video Games,B000TLU67W,114
Video Games,B002BS47YE,114
Video Games,B003VANOFY,114
Video Games,B000B6MLUA,114
Video Games,B004XV6ST4,113
Video Games,B007SRM5U6,113
Video Games,B00309XHD0,112
Video Games,B003O6E67A,112
Video Games,B000TG72TM,112
Video Games,B000SQ5LQ4,112
Video Games,B0028IBTLG,112
Video Games,B008CP6MA2,112
Video Games,B000X9FV5M,111
Video Games,B001COQW14,111
Video Games,B00005NCCR,111
Video Games,B0087OZ5FG,111
Video Games,B000MK694E,110
Video Games,B000UU5T7E,109
Video Games,B004QRKWLA,109
Video Games,B002BSA1MQ,109
Video Games,B0047TG2R0,109
Video Games,B005C2D1YI,108
Video Games,B002I0GX88,107
Video Games,B002I0H2G0,107
Video Games,B003O6JJKY,107
Video Games,B002I090AG,107
Video Games,B002I0J5YW,107
Video Games,B000PS2XDO,107
Video Games,B00166N6SA,107
Video Games,B001REZLY8,106
Video Games,B003Q53VZC,106
Video Games,B00319DX4M,106
Video Games,B00C7103DO,106
Video Games,B00000F1GM,106
Video Games,B004RMK4P8,105
Video Games,B0076ZQSFI,105
Video Games,B002ELCUUG,105
Video Games,B0069EB9CY,104
Video Games,B002I0HKRQ,104
Video Games,B0086V5UF0,104
Video Games,B006ZTHFPS,104
Video Games,B002BSC55M,104
Video Games,B008HPAXZ2,104
Video Games,B0053BCMAC,103
Video Games,B006PP404Q,103
Video Games,B002J9GDXI,103
Video Games,B006VB2UNM,102
Video Games,B00005N7YR,102
Video Games,B00FM5IY0Q,102
Video Games,B003NSLGW2,101
Video Games,B007SRM5MO,101
Video Games,B0050SX9I2,101
Video Games,B004FYJFNA,100
Video Games,B00309U0M6,100
Video Games,B002I0JZOC,100
Video Games,B002I0J6KU,100
Video Games,B003O6E986,100
Video Games,B00BXONG7G,100
Video Games,B001BNFQKO,100
Video Games,B001E8VB3C,100
Video Games,B006JKASAC,99
Video Games,B002I0JA7E,99
Video Games,B0044SA734,99
Video Games,B003O6FV8S,98
Video Games,B002NIP2SM,98
Video Games,B0050SWUTQ,98
Video Games,B00354NANC,98
Video Games,B001T8S62Q,98
Video Games,B00CX6XKK6,98
Video Games,B001TOQ8NO,97
Video Games,B000R39GPA,97
Video Games,B002I0GEXM,97
Video Games,B002I0JBVY,97
Video Games,B002I0K6X6,97
Video Games,B00002CF9M,97
Video Games,B00009TW6R,97
Video Games,B002I0J5FG,96
Video Games,B000X2RKOO,96
Video Games,B006VB2UMI,95
Video Games,B006GHA8EE,95
Video Games,B00EDU8H9E,95
Video Games,B00006IR62,95
Video Games,B000B6MLV4,95
Video Games,B001ENPDJA,94
Video Games,B000WMEEBM,94
Video Games,B0050SZ0SY,94
Video Games,B002BRZ6UE,94
Video Games,B002I0F5I2,93
Video Games,B00319DX4W,93
Video Games,B006WQR3OM,93
Video Games,B003C1I0CO,93
Video Games,B000LSJKAM,93
Video Games,B0016B28Y8,92
Video Games,B001YHX4B0,92
Video Games,B001IK5TJI,92
Video Games,B003O6KWZK,92
Video Games,B002DC8GKE,92
Video Games,B002I0J998,91
Video Games,B0038MTE7C,91
Video Games,B00BY0G0YU,91
Video Games,B00009WNZA,91
Video Games,B0001X5YN4,91
Video Games,B0009Z3MQK,90
Video Games,B0053BG26C,90
Video Games,B00897Z27C,90
Video Games,B004FYKWZU,90
Video Games,B0050SZE2G,89
Video Games,B001G33V8S,89
Video Games,B000G6SPHI,89
Video Games,B0094X20IO,89
Video Games,B008AU4YEA,89
Video Games,B00EFFVZP0,89
Video Games,B00HD4R5YU,88
Video Games,B000PS2XES,88
Video Games,B0028ZNX68,88
Video Games,B00005R5PO,88
Video Games,B003JVF728,88
Video Games,B003ZCH7DI,87
Video Games,B004QEV0MI,87
Video Games,B002I0K50U,87
Video Games,B004QRKWKQ,87
Video Games,B002V14VOC,87
Video Games,B004I5EE46,87
Video Games,B003O6G6G4,87
Video Games,B00005QEFD,87
Video Games,B000R0PLK2,87
Video Games,B000U5W3IW,87
Video Games,B001CMIUYS,86
Video Games,B00004TC6E,86
Video Games,B008GEH9HO,86
Video Games,B00D3RBZHY,86
Video Games,B004VQENY8,86
Video Games,B0045FCKVI,86
Video Games,B006PP41Q8,85
Video Games,B003ICGL7I,85
Video Games,B0050SZ836,85
Video Games,B006IOAHPK,85
Video Games,B002TDIEEK,85
Video Games,B000HCQK0A,85
Video Games,B00005ULXN,85
Video Games,B00006JZQZ,84
Video Games,B00005V9Q1,84
Video Games,B0002RQ3ES,84
Video Games,B00005ME6O,84
Video Games,B0009S4UOA,84
Video Games,B000MUW98O,84
Video Games,B002I0J8FI,84
Video Games,B002GPPPS4,84
Video Games,B00000K4MC,84
Video Games,B00002SUOV,83
Video Games,B000FRV2UK,83
Video Games,B0016B28WU,83
Video Games,B000XGJH1O,83
Video Games,B001QXNBNI,83
Video Games,B001GIUWX0,83
Video Games,B001ASJIS6,83
Video Games,B001ET07O0,83
Video Games,B000R3BNDI,83
Video Games,B00004UE0O,83
Video Games,B004P7VGF2,83
Video Games,B004YVOCYG,83
Video Games,B0076ZPYPI,83
Video Games,B004QEWVLC,83
Video Games,B003URSUSE,82
Video Games,B0047THYWC,82
Video Games,B001D7T2VC,82
Video Games,B000EGELP0,82
Video Games,B00DC7O77A,82
Video Games,B00BU3ZLJQ,82
Video Games,B00005QDPZ,82
Video Games,B00005MDZY,82
Video Games,B0002B90SA,82
Video Games,B0000C6EB4,82
Video Games,B00004U1R1,82
Video Games,B00005J536,81
Video Games,B001COV1CY,81
Video Games,B002I0HAC6,81
Video Games,B0030F1DOO,81
Video Games,B0086V5V9A,81
Video Games,B0050SY5BM,81
Video Games,B0088MVPRY,81
Video Games,B0050SVLI2,81
Video Games,B002I0EMBI,81
Video Games,B004PAGJNS,80
Video Games,B000VTQ3LU,80
Video Games,B00002STXQ,80
Video Games,B00001IVRD,79
Video Games,B001NX4DUQ,79
Video Games,B0017ZIIK6,79
Video Games,B0009A4EV2,79
Video Games,B005YR308S,79
Video Games,B0050SWYTC,79
Video Games,B004UDB9SA,79
Video Games,B003O680RM,79
Video Games,B002SU4QG4,79
Video Games,B003S9WJ9A,79
Video Games,B00DJFIMW6,79
Video Games,B00BGA9V2Q,79
Video Games,B00D7NQP9M,78
Video Games,B00004U5VK,78
Video Games,B0000A0MDV,78
Video Games,B00004S99R,78
Video Games,B00006LELI,78
Video Games,B00005JC8D,78
Video Games,B0012N5MIO,78
Video Games,B002MWSY3O,78
Video Games,B0037LTTRO,78
Video Games,B0050SVNZ8,77
Video Games,B0071NH8B8,77
Video Games,B0073ESYZO,77
Video Games,B0047TLIBU,77
Video Games,B00503EAG2,77
Video Games,B00027CXEM,77
Video Games,B009AFLXQQ,77
Video Games,B001D7T2VM,77
Video Games,B0013RC1W4,77
Video Games,B000W5Y49G,77
Video Games,B000M4KIME,76
Video Games,B000K1CS5Y,76
Video Games,B000QD7BBM,76
Video Games,B00005LABK,76
Video Games,B00005UK88,76
Video Games,B0001B15RA,76
Video Games,B00001X50M,76
Video Games,B006WQR3GA,76
Video Games,B003R783IY,76
Video Games,B003EZ1KGQ,76
Video Games,B0050SY77E,76
Video Games,B002BS47JE,76
Video Games,B00C71034I,76
Video Games,B008CP6RWU,76
Video Games,B008FHL56S,76
Video Games,B009NRO1J2,76
Video Games,B00HVBPRUO,75
Video Games,B008SBZD9G,75
Video Games,B001AH8YSW,75
Video Games,B00020LZAW,75
Video Games,B004CDBP9G,75
Video Games,B0086V5V8G,75
Video Games,B0088I7L76,75
Video Games,B002I0GF72,75
Video Games,B003V4AK8E,75
Video Games,B0045ZB66I,74
Video Games,B002ZJPYHS,74
Video Games,B002I0J8KS,74
Video Games,B0050SWZHS,74
Video Games,B007BJNR6C,74
Video Games,B000NNDN1M,74
Video Games,B000ZK696O,74
Video Games,B000JHO4L0,74
Video Games,B00002STXN,74
Video Games,B00005OARM,74
Video Games,B0000A8VBZ,74
Video Games,B0001VNNE8,74
Video Games,B00005Q8M4,73
Video Games,B00005LOXE,73
Video Games,B00005UNWB,73
Video Games,B000P297F2,73
Video Games,B001YI0Z2U,73
Video Games,B0014X7SQ6,73
Video Games,B00136MBHA,73
Video Games,B004T7IRS2,73
Video Games,B0041OWQUI,73
Video Games,B002BSA2LQ,73
Video Games,B0049DYNNO,73
Video Games,B002I0IVC4,73
Video Games,B004YVOCV4,73
Video Games,B00FM5IY38,73
Video Games,B00DBRM3G8,73
Video Games,B00917DBUE,73
Video Games,B00002DHEV,73
Video Games,B00000DMAT,73
Video Games,B0038MUCPK,72
Video Games,B008277M36,72
Video Games,B004K6LQ9E,72
Video Games,B002I0GKA4,72
Video Games,B0050SWSQQ,72
Video Games,B0041HROGG,72
Video Games,B0009UBR3A,72
Video Games,B00005O0I3,72
Video Games,B001QXNBJM,72
Video Games,B00GZ1GUSY,72
Video Games,B00005ME6N,71
Video Games,B00008KTNW,71
Video Games,B000099T1Y,71
Video Games,B0000ZUGZ4,71
Video Games,B00002R28C,71
Video Games,B00002STGL,71
Video Games,B003VAHYQY,71
Video Games,B002BXKJA0,71
Video Games,B002I0GZ5Y,71
Video Games,B002I0K3M0,71
Video Games,B003H0CC2O,71
Video Games,B003VJNPPE,71
Video Games,B0050SYYEK,71
Video Games,B0050SW1WW,71
Video Games,B0016BVY7U,71
Video Games,B00275A7LI,71
Video Games,B000F1WDHW,71
Video Games,B000ZJVDA2,71
Video Games,B000WSE2WM,70
Video Games,B000I10PY2,70
Video Games,B000FQBPDU,70
Video Games,B0015HYPOO,70
Video Games,B000WS97QI,70
Video Games,B000EYF88G,70
Video Games,B00004YUWA,70
Video Games,B003PHLT8W,70
Video Games,B002Z7BE24,70
Video Games,B003O6EE4U,70
Video Games,B0050SXI6K,69
Video Games,B0055SWM08,69
Video Games,B003OAE79S,69
Video Games,B002I0EH6I,69
Video Games,B002RRLQIO,69
Video Games,B005FYJA52,69
Video Games,B007CSF3GO,69
Video Games,B000FII8KQ,69
Video Games,B000ZKDOV2,69
Video Games,B001H4NMNA,69
Video Games,B001AWBYRA,69
Video Games,B000TTFLS8,69
Video Games,B00C27SCC2,69
Video Games,B00000J2W7,69
Video Games,B000BC38K6,69
Video Games,B00005N6K3,69
Video Games,B00005BW7Q,69
Video Games,B00004SQPD,69
Video Games,B000050FBJ,69
Video Games,B00009WAUO,69
Video Games,B00CX8VYM0,68
Video Games,B008GEH8LQ,68
Video Games,B0050SYUAS,68
Video Games,B002F9005O,68
Video Games,B0050SZD18,68
Video Games,B0050SX0UY,68
Video Games,B002I0KP4G,68
Video Games,B001E27DLM,68
Video Games,B002WSR8BC,67
Video Games,B0050SXCQ6,67
Video Games,B002I094AC,67
Video Games,B002I0JBL4,67
Video Games,B002BU0DPE,67
Video Games,B0002ILS1K,67
Video Games,B00G0OYHCW,67
Video Games,B00DE2W5XG,66
Video Games,B000087H7T,66
Video Games,B001TOQ8UW,66
Video Games,B001ATHKVC,66
Video Games,B0013B30SY,66
Video Games,B000GEDN5E,66
Video Games,B0013RATNM,66
Video Games,B0017Q4DGI,66
Video Games,B000G7PMXC,66
Video Games,B007WWW2C8,66
Video Games,B0050SXVK8,66
Video Games,B0050SX97I,66
Video Games,B004S5TDL0,66
Video Games,B007WQOIGW,66
Video Games,B003O6E5OE,66
Video Games,B002I0K74Y,65
Video Games,B0050SXU3Q,65
Video Games,B003Q55YCU,65
Video Games,B0050SWBAE,65
Video Games,B002I0JIQW,65
Video Games,B000WEQL02,65
Video Games,B000JLIYLC,65
Video Games,B001B5U80K,65
Video Games,B000MIXFWA,65
Video Games,B00CMQTTQG,65
Video Games,B0000C0YW2,65
Video Games,B00005OLX1,65
Video Games,B00004S9AF,65
Video Games,B00005BIG7,65
Video Games,B00000DMAX,65
Video Games,B00002NDRY,64
Video Games,B00BRQN2EM,64
Video Games,B00IIHU44E,64
Video Games,B00DBDPOZ4,64
Video Games,B003O6E620,64
Video Games,B002I0K780,64
Video Games,B003O6EAM6,64
Video Games,B002B1TDV8,64
Video Games,B000ZK7ZMQ,64
Video Games,B000R3BN4M,64
Video Games,B00005B8G1,64
Video Games,B0009SQFHA,64
Video Games,B000035Y6D,64
Video Games,B00005KBRD,64
Video Games,B0002Y2XXQ,64
Video Games,B000BC38LA,64
Video Games,B00006GSNX,63
Video Games,B00005O0I7,63
Video Games,B00006599U,63
Video Games,B00007LV7Y,63
Video Games,B0002ILS1U,63
Video Games,B002I08RA0,63
Video Games,B002I08UGQ,63
Video Games,B004X56OU8,63
Video Games,B003Q9RGRW,63
Video Games,B002Q4U5DK,63
Video Games,B00CH923NE,63
Video Games,B000Z9A95M,63
Video Games,B0015HZLVA,63
Video Games,B000BLM5PG,63
Video Games,B000GE7O9K,63
Video Games,B0013E9HP6,63
Video Games,B000MJB0H6,63
Video Games,B000IN0BSU,62
Video Games,B000OYITQO,62
Video Games,B000OYMSL6,62
Video Games,B0030EU3TG,62
Video Games,B0050SWQ86,62
Video Games,B003O6DZSQ,62
Video Games,B00001XDUB,62
Video Games,B0009O7HVM,62
Video Games,B00006GSNZ,62
Video Games,B000A0EFJW,62
Video Games,B00005Q8LY,62
Video Games,B00005OWBL,62
Video Games,B00006M3R6,62
Video Games,B0000CNUUP,62
Video Games,B00005B8FZ,62
Video Games,B00FM5IY4W,62
Video Games,B00CRL9TU2,61
Video Games,B00CX8VY4S,61
Video Games,B00001KUII,61
Video Games,B00002SVFZ,61
Video Games,B001H0RZX2,61
Video Games,B0019SY1D4,61
Video Games,B001TOQ8K2,61
Video Games,B003VR5PPY,61
Video Games,B004S5PBM0,61
Video Games,B002I0HJ68,61
Video Games,B007XVTR12,61
Video Games,B003EUPCZG,61
Video Games,B003H0CBYS,61
Video Games,B0041OWQTO,61
Video Games,B00004U1R2,61
Video Games,B00005NZ1J,61
Video Games,B00005RD71,60
Video Games,B0002BJQDY,60
Video Games,B000B6MLS2,60
Video Games,B00020LZBG,60
Video Games,B0002A2S26,60
Video Games,B0016NM7BU,60
Video Games,B001BR95PW,60
Video Games,B001CRM3RI,60
Video Games,B0025KZV7A,60
Video Games,B000F5RW1U,60
Video Games,B00AAQRNQ8,60
Video Games,B00CXCCI8A,60
Video Games,B00CQ7CIMS,60
Video Games,B00002SVWG,60
Video Games,B0050SW2NA,60
Video Games,B002P35JMO,60
Video Games,B004CD9X2C,60
Video Games,B0086UK7I6,60
Video Games,B0056XXKIK,60
Video Games,B005C2D2H4,60
Video Games,B0050SYZS0,60
Video Games,B006ZPAYGE,60
Video Games,B002I0H9WM,60
Video Games,B002I0JAJ2,60
Video Games,B002I0J8RQ,59
Video Games,B006JKAS6G,59
Video Games,B003O6HDHA,59
Video Games,B004RMK57U,59
Video Games,B0083W649I,59
Video Games,B0050SXGU8,59
Video Games,B0041CWZEM,59
Video Games,B0050SYDEQ,59
Video Games,B005THAX5Q,59
Video Games,B008E6ZXTA,59
Video Games,B00D7UHT0E,59
Video Games,B00008H2IS,59
Video Games,B0001OK7VW,59
Video Games,B00005MDZD,59
Video Games,B0000E5U6I,59
Video Games,B000P297EI,59
Video Games,B000FPOJOS,59
Video Games,B001ASJIRM,59
Video Games,B001CM0PR8,59
Video Games,B000R0SS3Y,59
Video Games,B000QUYHIK,59
Video Games,B00000K3X9,59
Video Games,B00001OWYW,59
Video Games,B0002SQ0BS,58
Video Games,B00008RUYZ,58
Video Games,B002ELCV00,58
Video Games,B004PAGJMO,58
Video Games,B0045F8QD4,58
Video Games,B007V9QKH0,58
Video Games,B006JKAS16,58
Video Games,B003O6G47U,58
Video Games,B004WLRQMI,58
Video Games,B002BRZ7JE,58
Video Games,B005J5K9UW,58
Video Games,B002KJCVYW,58
Video Games,B00B98HF1O,58
Video Games,B00GV4V8XC,58
Video Games,B00D6PTMSW,58
Video Games,B001NT9TK4,58
Video Games,B000TZI2FQ,58
Video Games,B001TOQ8R0,58
Video Games,B000UQAUWW,58
Video Games,B000R0SRNU,58
Video Games,B000F2DE8S,58
Video Games,B0016N4A7E,57
Video Games,B001G3AZS2,57
Video Games,B000E0XX9Q,57
Video Games,B000R3BNE2,57
Video Games,B001ASJISG,57
Video Games,B000GABOTU,57
Video Games,B00149ND28,57
Video Games,B000E991PC,57
Video Games,B00104KJ4M,57
Video Games,B000HX1P72,57
Video Games,B004K1EA5G,57
Video Games,B005J5K9EI,57
Video Games,B003O6H7X0,57
Video Games,B006JKARZS,57
Video Games,B003A0T6YS,57
Video Games,B000088KH1,57
Video Games,B00006AALC,57
Video Games,B00004U5VF,57
Video Games,B00DUARBTA,57
Video Games,B00DC9T2J6,57
Video Games,B00AY1CT4U,57
Video Games,B00D6NPFDK,56
Video Games,B00D3RBYM0,56
Video Games,B008CP6RUW,56
Video Games,B0053B7ICO,56
Video Games,B0050SY0L2,56
Video Games,B006OI3CTS,56
Video Games,B0050SVHZO,56
Video Games,B0050SXNHO,56
Video Games,B0073ESZ58,56
Video Games,B0044S8DA8,56
Video Games,B001K7HV3Q,56
Video Games,B00149MEVY,56
Video Games,B000HKGIOA,56
Video Games,B00170BV6E,56
Video Games,B0012NAPNQ,56
Video Games,B002672Z80,56
Video Games,B00004SVXW,56
Video Games,B0002CHJ8C,56
Video Games,B00004SVV9,56
Video Games,B00009ECGK,55
Video Games,B000099T2E,55
Video Games,B00004TCT3,55
Video Games,B00005YTYJ,55
Video Games,B0002GTFIK,55
Video Games,B000B6MLU0,55
Video Games,B004X56PWK,55
Video Games,B0074LJ3CE,55
Video Games,B002I0IIPY,55
Video Games,B002BRYXRQ,55
Video Games,B002I0HKIU,55
Video Games,B002CZ7P04,55
Video Games,B00434FED2,55
Video Games,B004UDLRMS,55
Video Games,B0072A4JVW,55
Video Games,B007M6W3A0,55
Video Games,B005C7R950,55
Video Games,B00002STEZ,55
Video Games,B008SBZD5U,55
Video Games,B0096L2SJ0,55
Video Games,B00CTKHXFO,55
Video Games,B000NUBY0C,55
Video Games,B001FBHT34,55
Video Games,B0016BVYAM,55
Video Games,B000PS4X7S,54
Video Games,B000WMEEBC,54
Video Games,B001G3B0HC,54
Video Games,B001EQPDNS,54
Video Games,B002ATY7JE,54
Video Games,B000MUXLOK,54
Video Games,B00006HBTW,54
Video Games,B000B6MLPU,54
Video Games,B0007TS24U,54
Video Games,B000067O0Q,54
Video Games,B0000D12XI,54
Video Games,B007M6W38W,54
Video Games,B002YVD3KM,54
Video Games,B0050SYZ2G,54
Video Games,B002I0JB6E,54
Video Games,B002I0K6Q8,54
Video Games,B003IEBO9Q,54
Video Games,B002Q21X7Y,54
Video Games,B0050SWR6M,54
Video Games,B006ZPAXYW,54
Video Games,B002I0J4AM,54
Video Games,B002I0J45C,54
Video Games,B005VBVQDI,54
Video Games,B00D6PTMB4,54
Video Games,B00DHF39KS,54
Video Games,B00C1ZBFTW,54
Video Games,B0094X1ZXU,54
Video Games,B00BYDKCZK,53
Video Games,B00EM5UFF4,53
Video Games,B008E6ZXRM,53
Video Games,B00FF9MLQW,53
Video Games,B008J16ARY,53
Video Games,B000083JTR,53
Video Games,B0000690ZE,53
Video Games,B00008JODN,53
Video Games,B00009OY9U,53
Video Games,B0001NE48U,53
Video Games,B001TD6SK8,53
Video Games,B000ZK7ZK8,53
Video Games,B000RHZ9JI,53
Video Games,B002EE1P2W,53
Video Games,B0050SX1JO,53
Video Games,B003YI458I,53
Video Games,B006VB2W08,53
Video Games,B003CP0BHM,53
Video Games,B0065NP6NC,53
Video Games,B003IMGC9U,53
Video Games,B004EW7LSY,53
Video Games,B003O6EDSM,53
Video Games,B005DVAB0A,52
Video Games,B0056WJA6M,52
Video Games,B0050SX00Y,52
Video Games,B002BRYXOO,52
Video Games,B002I0K3PM,52
Video Games,B002I0H09Y,52
Video Games,B003O6FYDK,52
Video Games,B007WQOGXM,52
Video Games,B002EE5ROO,52
Video Games,B002BRYHY0,52
Video Games,B0050SW4OC,52
Video Games,B0050SVGU0,52
Video Games,B00005O0I9,52
Video Games,B000038IFX,52
Video Games,B0002MPT6Q,52
Video Games,B00004ZDFY,52
Video Games,B00004U55E,52
Video Games,B00002EPZ2,52
Video Games,B008XMSR6G,52
Video Games,B00CYS5DU8,52
Video Games,B00149PCAO,52
Video Games,B000C427NM,52
Video Games,B000G7YRHO,52
Video Games,B000ZK695U,52
Video Games,B00113T0VA,52
Video Games,B000UW1YBW,52
Video Games,B000X25GW2,52
Video Games,B001CRQY1E,52
Video Games,B000GKCI4A,51
Video Games,B000O3IS48,51
Video Games,B001C6GVI6,51
Video Games,B00184219U,51
Video Games,B000ZK698C,51
Video Games,B002KSPKRS,51
Video Games,B0050SW93S,51
Video Games,B0056WJA30,51
Video Games,B0050SZBP6,51
Video Games,B0002A6CNW,51
Video Games,B0002IQC8E,51
Video Games,B000B6MLSM,51
Video Games,B0000A09EN,51
Video Games,B000B9RI00,51
Video Games,B000084313,51
Video Games,B00012D0SG,51
Video Games,B0000A09EM,51
Video Games,B008OQTU6C,51
Video Games,B00BQI3UQG,51
Video Games,B00G9AYVTG,51
Video Games,B00BFOEY3Y,50
Video Games,B00DV16N6U,50
Video Games,B002R2JCNK,50
Video Games,B007UM59L6,50
Video Games,B002I0J5JW,50
Video Games,B002I0J5CO,50
Video Games,B003O680ZY,50
Video Games,B003O6ECOM,50
Video Games,B002I08VDI,50
Video Games,B0050SYYTK,50
Video Games,B00000IYEQ,50
Video Games,B00000K1VA,50
Video Games,B000FW64ZS,50
Video Games,B001TOQ8WU,50
Video Games,B000VJTJNE,50
Video Games,B000CQIDTC,50
Video Games,B000KQQUMQ,50
Video Games,B000U34SZA,50
Video Games,B000NV8F58,50
Video Games,B0000TSRA6,50
Video Games,B00005BOSF,50
Video Games,B000067FDY,50
Video Games,B00005NN5A,50
Video Games,B000056O4Q,50
Video Games,B000090W86,50
Video Games,B000095ZH5,50
Video Games,B00006LEM3,50
Video Games,B0009O7HUI,50
Video Games,B00007E1OA,49
Video Games,B00006GEX2,49
Video Games,B00004U1R3,49
Video Games,B000B63RSA,49
Video Games,B000069BD9,49
Video Games,B00005N6ZL,49
Video Games,B0000AHOOK,49
Video Games,B00005NN5J,49
Video Games,B008XHCLFO,49
Video Games,B00IAVDOS6,49
Video Games,B00B67ZTUW,49
Video Games,B009DYCTY4,49
Video Games,B006KYYOSO,49
Video Games,B002I0H1DY,49
Video Games,B004WLRQAU,49
Video Games,B002I0K622,49
Video Games,B002I0H0FS,49
Video Games,B0037LVW9M,49
Video Games,B003OQ4B1Q,49
Video Games,B006VB2UO6,49
Video Games,B002I0H0NU,49
Video Games,B004QEWVTO,49
Video Games,B00886WO5W,49
Video Games,B000FDOTIQ,49
Video Games,B000UA0LXQ,49
Video Games,B000OYKQBU,49
Video Games,B000S0C2UI,49
Video Games,B000TVT8PI,49
Video Games,B000IONGVI,49
Video Games,B000WCQWR6,49
Video Games,B0018YXM3Y,48
Video Games,B0017ZDGWG,48
Video Games,B00149ILCK,48
Video Games,B000SSPH3E,48
Video Games,B0017HW5LM,48
Video Games,B000FUWCRY,48
Video Games,B009GZX49Y,48
Video Games,B00F27JGVA,48
Video Games,B00BT2BFKW,48
Video Games,B00002SVG3,48
Video Games,B00006FWTW,48
Video Games,B00005V6BE,48
